1.0,T_int,21.98412323,T_ext_1,22.88,Film_Coef,0.131,Density,2.51e-09,Thermal_Conductivity,165.0,Specific_Heat,921000000.0,Radius,25
2.0,T_int,21.9576072693,T_ext_1,23.76,Film_Coef,0.131,Density,2.51e-09,Thermal_Conductivity,165.0,Specific_Heat,921000000.0,Radius,25
3.0,T_int,21.9262466431,T_ext_1,24.64,Film_Coef,0.131,Density,2.51e-09,Thermal_Conductivity,165.0,Specific_Heat,921000000.0,Radius,25
5.0,T_int,21.8642559052,T_ext_1,26.4,Film_Coef,0.131,Density,2.51e-09,Thermal_Conductivity,165.0,Specific_Heat,921000000.0,Radius,25
9.0,T_int,21.7747249603,T_ext_1,29.92,Film_Coef,0.131,Density,2.51e-09,Thermal_Conductivity,165.0,Specific_Heat,921000000.0,Radius,25
17.0,T_int,21.7591171265,T_ext_1,36.96,Film_Coef,0.131,Density,2.51e-09,Thermal_Conductivity,165.0,Specific_Heat,921000000.0,Radius,25
27.0,T_int,21.9960975647,T_ext_1,45.76,Film_Coef,0.131,Density,2.51e-09,Thermal_Conductivity,165.0,Specific_Heat,921000000.0,Radius,25
37.0,T_int,22.48554039,T_ext_1,54.56,Film_Coef,0.131,Density,2.51e-09,Thermal_Conductivity,165.0,Specific_Heat,921000000.0,Radius,25
47.0,T_int,23.2227478027,T_ext_1,63.36,Film_Coef,0.131,Density,2.51e-09,Thermal_Conductivity,165.0,Specific_Heat,921000000.0,Radius,25
57.0,T_int,24.029499054,T_ext_1,62.58,Film_Coef,0.131,Density,2.51e-09,Thermal_Conductivity,165.0,Specific_Heat,921000000.0,Radius,25
67.0,T_int,24.8095207214,T_ext_1,61.98,Film_Coef,0.131,Density,2.51e-09,Thermal_Conductivity,165.0,Specific_Heat,921000000.0,Radius,25
77.0,T_int,25.5523605347,T_ext_1,61.38,Film_Coef,0.131,Density,2.51e-09,Thermal_Conductivity,165.0,Specific_Heat,921000000.0,Radius,25
87.0,T_int,26.2575435638,T_ext_1,60.78,Film_Coef,0.131,Density,2.51e-09,Thermal_Conductivity,165.0,Specific_Heat,921000000.0,Radius,25
97.0,T_int,26.9256305695,T_ext_1,60.18,Film_Coef,0.131,Density,2.51e-09,Thermal_Conductivity,165.0,Specific_Heat,921000000.0,Radius,25
107.0,T_int,27.5717582703,T_ext_1,60,Film_Coef,0.131,Density,2.51e-09,Thermal_Conductivity,165.0,Specific_Heat,921000000.0,Radius,25
117.0,T_int,28.2042579651,T_ext_1,60,Film_Coef,0.131,Density,2.51e-09,Thermal_Conductivity,165.0,Specific_Heat,921000000.0,Radius,25
127.0,T_int,28.8243045807,T_ext_1,60,Film_Coef,0.131,Density,2.51e-09,Thermal_Conductivity,165.0,Specific_Heat,921000000.0,Radius,25
137.0,T_int,29.4322433472,T_ext_1,60,Film_Coef,0.131,Density,2.51e-09,Thermal_Conductivity,165.0,Specific_Heat,921000000.0,Radius,25
147.0,T_int,30.0283222198,T_ext_1,60,Film_Coef,0.131,Density,2.51e-09,Thermal_Conductivity,165.0,Specific_Heat,921000000.0,Radius,25
157.0,T_int,30.6127758026,T_ext_1,60,Film_Coef,0.131,Density,2.51e-09,Thermal_Conductivity,165.0,Specific_Heat,921000000.0,Radius,25
167.0,T_int,31.1858329773,T_ext_1,60,Film_Coef,0.131,Density,2.51e-09,Thermal_Conductivity,165.0,Specific_Heat,921000000.0,Radius,25
177.0,T_int,31.7477149963,T_ext_1,60,Film_Coef,0.131,Density,2.51e-09,Thermal_Conductivity,165.0,Specific_Heat,921000000.0,Radius,25
187.0,T_int,32.2986412048,T_ext_1,60,Film_Coef,0.131,Density,2.51e-09,Thermal_Conductivity,165.0,Specific_Heat,921000000.0,Radius,25
197.0,T_int,32.8388214111,T_ext_1,60,Film_Coef,0.131,Density,2.51e-09,Thermal_Conductivity,165.0,Specific_Heat,921000000.0,Radius,25
207.0,T_int,33.3684692383,T_ext_1,60,Film_Coef,0.131,Density,2.51e-09,Thermal_Conductivity,165.0,Specific_Heat,921000000.0,Radius,25
217.0,T_int,33.8877906799,T_ext_1,60,Film_Coef,0.131,Density,2.51e-09,Thermal_Conductivity,165.0,Specific_Heat,921000000.0,Radius,25
227.0,T_int,34.3969841003,T_ext_1,60,Film_Coef,0.131,Density,2.51e-09,Thermal_Conductivity,165.0,Specific_Heat,921000000.0,Radius,25
237.0,T_int,34.8962478638,T_ext_1,60,Film_Coef,0.131,Density,2.51e-09,Thermal_Conductivity,165.0,Specific_Heat,921000000.0,Radius,25
247.0,T_int,35.3857765198,T_ext_1,60,Film_Coef,0.131,Density,2.51e-09,Thermal_Conductivity,165.0,Specific_Heat,921000000.0,Radius,25
257.0,T_int,35.8657569885,T_ext_1,60,Film_Coef,0.131,Density,2.51e-09,Thermal_Conductivity,165.0,Specific_Heat,921000000.0,Radius,25
267.0,T_int,36.3363800049,T_ext_1,60,Film_Coef,0.131,Density,2.51e-09,Thermal_Conductivity,165.0,Specific_Heat,921000000.0,Radius,25
277.0,T_int,36.7978248596,T_ext_1,60,Film_Coef,0.131,Density,2.51e-09,Thermal_Conductivity,165.0,Specific_Heat,921000000.0,Radius,25
287.0,T_int,37.2502708435,T_ext_1,60,Film_Coef,0.131,Density,2.51e-09,Thermal_Conductivity,165.0,Specific_Heat,921000000.0,Radius,25
297.0,T_int,37.6938934326,T_ext_1,60,Film_Coef,0.131,Density,2.51e-09,Thermal_Conductivity,165.0,Specific_Heat,921000000.0,Radius,25
307.0,T_int,38.128868103,T_ext_1,60,Film_Coef,0.131,Density,2.51e-09,Thermal_Conductivity,165.0,Specific_Heat,921000000.0,Radius,25
317.0,T_int,38.5553588867,T_ext_1,60,Film_Coef,0.131,Density,2.51e-09,Thermal_Conductivity,165.0,Specific_Heat,921000000.0,Radius,25
327.0,T_int,38.9735336304,T_ext_1,60,Film_Coef,0.131,Density,2.51e-09,Thermal_Conductivity,165.0,Specific_Heat,921000000.0,Radius,25
337.0,T_int,39.383556366,T_ext_1,60,Film_Coef,0.131,Density,2.51e-09,Thermal_Conductivity,165.0,Specific_Heat,921000000.0,Radius,25
347.0,T_int,39.7855796814,T_ext_1,60,Film_Coef,0.131,Density,2.51e-09,Thermal_Conductivity,165.0,Specific_Heat,921000000.0,Radius,25
357.0,T_int,40.1797637939,T_ext_1,60,Film_Coef,0.131,Density,2.51e-09,Thermal_Conductivity,165.0,Specific_Heat,921000000.0,Radius,25
367.0,T_int,40.5662612915,T_ext_1,60,Film_Coef,0.131,Density,2.51e-09,Thermal_Conductivity,165.0,Specific_Heat,921000000.0,Radius,25
377.0,T_int,40.945224762,T_ext_1,60,Film_Coef,0.131,Density,2.51e-09,Thermal_Conductivity,165.0,Specific_Heat,921000000.0,Radius,25
387.0,T_int,41.3167953491,T_ext_1,60,Film_Coef,0.131,Density,2.51e-09,Thermal_Conductivity,165.0,Specific_Heat,921000000.0,Radius,25
397.0,T_int,41.6811218262,T_ext_1,60,Film_Coef,0.131,Density,2.51e-09,Thermal_Conductivity,165.0,Specific_Heat,921000000.0,Radius,25
407.0,T_int,42.0383453369,T_ext_1,60,Film_Coef,0.131,Density,2.51e-09,Thermal_Conductivity,165.0,Specific_Heat,921000000.0,Radius,25
417.0,T_int,42.3885993958,T_ext_1,60,Film_Coef,0.131,Density,2.51e-09,Thermal_Conductivity,165.0,Specific_Heat,921000000.0,Radius,25
427.0,T_int,42.7320251465,T_ext_1,60,Film_Coef,0.131,Density,2.51e-09,Thermal_Conductivity,165.0,Specific_Heat,921000000.0,Radius,25
437.0,T_int,43.0687522888,T_ext_1,60,Film_Coef,0.131,Density,2.51e-09,Thermal_Conductivity,165.0,Specific_Heat,921000000.0,Radius,25
447.0,T_int,43.3989181519,T_ext_1,60,Film_Coef,0.131,Density,2.51e-09,Thermal_Conductivity,165.0,Specific_Heat,921000000.0,Radius,25
457.0,T_int,43.7226409912,T_ext_1,60,Film_Coef,0.131,Density,2.51e-09,Thermal_Conductivity,165.0,Specific_Heat,921000000.0,Radius,25
467.0,T_int,44.0400505066,T_ext_1,60,Film_Coef,0.131,Density,2.51e-09,Thermal_Conductivity,165.0,Specific_Heat,921000000.0,Radius,25
477.0,T_int,44.351272583,T_ext_1,60,Film_Coef,0.131,Density,2.51e-09,Thermal_Conductivity,165.0,Specific_Heat,921000000.0,Radius,25
487.0,T_int,44.6564292908,T_ext_1,60,Film_Coef,0.131,Density,2.51e-09,Thermal_Conductivity,165.0,Specific_Heat,921000000.0,Radius,25
497.0,T_int,44.9556312561,T_ext_1,60,Film_Coef,0.131,Density,2.51e-09,Thermal_Conductivity,165.0,Specific_Heat,921000000.0,Radius,25
507.0,T_int,45.2489967346,T_ext_1,60,Film_Coef,0.131,Density,2.51e-09,Thermal_Conductivity,165.0,Specific_Heat,921000000.0,Radius,25
517.0,T_int,45.5366439819,T_ext_1,60,Film_Coef,0.131,Density,2.51e-09,Thermal_Conductivity,165.0,Specific_Heat,921000000.0,Radius,25
527.0,T_int,45.8186836243,T_ext_1,60,Film_Coef,0.131,Density,2.51e-09,Thermal_Conductivity,165.0,Specific_Heat,921000000.0,Radius,25
537.0,T_int,46.0952224731,T_ext_1,60,Film_Coef,0.131,Density,2.51e-09,Thermal_Conductivity,165.0,Specific_Heat,921000000.0,Radius,25
547.0,T_int,46.3663673401,T_ext_1,60,Film_Coef,0.131,Density,2.51e-09,Thermal_Conductivity,165.0,Specific_Heat,921000000.0,Radius,25
557.0,T_int,46.6322250366,T_ext_1,60,Film_Coef,0.131,Density,2.51e-09,Thermal_Conductivity,165.0,Specific_Heat,921000000.0,Radius,25
567.0,T_int,46.8928985596,T_ext_1,60,Film_Coef,0.131,Density,2.51e-09,Thermal_Conductivity,165.0,Specific_Heat,921000000.0,Radius,25
577.0,T_int,47.1484909058,T_ext_1,60,Film_Coef,0.131,Density,2.51e-09,Thermal_Conductivity,165.0,Specific_Heat,921000000.0,Radius,25
587.0,T_int,47.3990974426,T_ext_1,60,Film_Coef,0.131,Density,2.51e-09,Thermal_Conductivity,165.0,Specific_Heat,921000000.0,Radius,25
597.0,T_int,47.6448173523,T_ext_1,60,Film_Coef,0.131,Density,2.51e-09,Thermal_Conductivity,165.0,Specific_Heat,921000000.0,Radius,25
607.0,T_int,47.8857460022,T_ext_1,60,Film_Coef,0.131,Density,2.51e-09,Thermal_Conductivity,165.0,Specific_Heat,921000000.0,Radius,25
617.0,T_int,48.1219749451,T_ext_1,60,Film_Coef,0.131,Density,2.51e-09,Thermal_Conductivity,165.0,Specific_Heat,921000000.0,Radius,25
627.0,T_int,48.3535995483,T_ext_1,60,Film_Coef,0.131,Density,2.51e-09,Thermal_Conductivity,165.0,Specific_Heat,921000000.0,Radius,25
637.0,T_int,48.58070755,T_ext_1,60,Film_Coef,0.131,Density,2.51e-09,Thermal_Conductivity,165.0,Specific_Heat,921000000.0,Radius,25
647.0,T_int,48.8033866882,T_ext_1,60,Film_Coef,0.131,Density,2.51e-09,Thermal_Conductivity,165.0,Specific_Heat,921000000.0,Radius,25
657.0,T_int,49.0217208862,T_ext_1,60,Film_Coef,0.131,Density,2.51e-09,Thermal_Conductivity,165.0,Specific_Heat,921000000.0,Radius,25
667.0,T_int,49.2358016968,T_ext_1,60,Film_Coef,0.131,Density,2.51e-09,Thermal_Conductivity,165.0,Specific_Heat,921000000.0,Radius,25
677.0,T_int,49.4457054138,T_ext_1,60,Film_Coef,0.131,Density,2.51e-09,Thermal_Conductivity,165.0,Specific_Heat,921000000.0,Radius,25
687.0,T_int,49.6515159607,T_ext_1,60,Film_Coef,0.131,Density,2.51e-09,Thermal_Conductivity,165.0,Specific_Heat,921000000.0,Radius,25
697.0,T_int,49.853313446,T_ext_1,60,Film_Coef,0.131,Density,2.51e-09,Thermal_Conductivity,165.0,Specific_Heat,921000000.0,Radius,25
707.0,T_int,50.0511741638,T_ext_1,60,Film_Coef,0.131,Density,2.51e-09,Thermal_Conductivity,165.0,Specific_Heat,921000000.0,Radius,25
717.0,T_int,50.2451782227,T_ext_1,60,Film_Coef,0.131,Density,2.51e-09,Thermal_Conductivity,165.0,Specific_Heat,921000000.0,Radius,25
727.0,T_int,50.4353981018,T_ext_1,60,Film_Coef,0.131,Density,2.51e-09,Thermal_Conductivity,165.0,Specific_Heat,921000000.0,Radius,25
737.0,T_int,50.6219100952,T_ext_1,60,Film_Coef,0.131,Density,2.51e-09,Thermal_Conductivity,165.0,Specific_Heat,921000000.0,Radius,25
747.0,T_int,50.8047866821,T_ext_1,60,Film_Coef,0.131,Density,2.51e-09,Thermal_Conductivity,165.0,Specific_Heat,921000000.0,Radius,25
757.0,T_int,50.9840927124,T_ext_1,60,Film_Coef,0.131,Density,2.51e-09,Thermal_Conductivity,165.0,Specific_Heat,921000000.0,Radius,25
767.0,T_int,51.15990448,T_ext_1,60,Film_Coef,0.131,Density,2.51e-09,Thermal_Conductivity,165.0,Specific_Heat,921000000.0,Radius,25
777.0,T_int,51.3322906494,T_ext_1,60,Film_Coef,0.131,Density,2.51e-09,Thermal_Conductivity,165.0,Specific_Heat,921000000.0,Radius,25
787.0,T_int,51.5013122559,T_ext_1,60,Film_Coef,0.131,Density,2.51e-09,Thermal_Conductivity,165.0,Specific_Heat,921000000.0,Radius,25
797.0,T_int,51.6670379639,T_ext_1,60,Film_Coef,0.131,Density,2.51e-09,Thermal_Conductivity,165.0,Specific_Heat,921000000.0,Radius,25
807.0,T_int,51.8295326233,T_ext_1,60,Film_Coef,0.131,Density,2.51e-09,Thermal_Conductivity,165.0,Specific_Heat,921000000.0,Radius,25
817.0,T_int,51.9888572693,T_ext_1,60,Film_Coef,0.131,Density,2.51e-09,Thermal_Conductivity,165.0,Specific_Heat,921000000.0,Radius,25
827.0,T_int,52.1450767517,T_ext_1,60,Film_Coef,0.131,Density,2.51e-09,Thermal_Conductivity,165.0,Specific_Heat,921000000.0,Radius,25
837.0,T_int,52.298248291,T_ext_1,60,Film_Coef,0.131,Density,2.51e-09,Thermal_Conductivity,165.0,Specific_Heat,921000000.0,Radius,25
847.0,T_int,52.4484329224,T_ext_1,60,Film_Coef,0.131,Density,2.51e-09,Thermal_Conductivity,165.0,Specific_Heat,921000000.0,Radius,25
857.0,T_int,52.5956916809,T_ext_1,60,Film_Coef,0.131,Density,2.51e-09,Thermal_Conductivity,165.0,Specific_Heat,921000000.0,Radius,25
867.0,T_int,52.7400779724,T_ext_1,60,Film_Coef,0.131,Density,2.51e-09,Thermal_Conductivity,165.0,Specific_Heat,921000000.0,Radius,25
877.0,T_int,52.8816452026,T_ext_1,60,Film_Coef,0.131,Density,2.51e-09,Thermal_Conductivity,165.0,Specific_Heat,921000000.0,Radius,25
887.0,T_int,53.0204544067,T_ext_1,60,Film_Coef,0.131,Density,2.51e-09,Thermal_Conductivity,165.0,Specific_Heat,921000000.0,Radius,25
897.0,T_int,53.1565589905,T_ext_1,60,Film_Coef,0.131,Density,2.51e-09,Thermal_Conductivity,165.0,Specific_Heat,921000000.0,Radius,25
907.0,T_int,53.2900085449,T_ext_1,60,Film_Coef,0.131,Density,2.51e-09,Thermal_Conductivity,165.0,Specific_Heat,921000000.0,Radius,25
917.0,T_int,53.4208526611,T_ext_1,60,Film_Coef,0.131,Density,2.51e-09,Thermal_Conductivity,165.0,Specific_Heat,921000000.0,Radius,25
927.0,T_int,53.5491485596,T_ext_1,60,Film_Coef,0.131,Density,2.51e-09,Thermal_Conductivity,165.0,Specific_Heat,921000000.0,Radius,25
937.0,T_int,53.6749420166,T_ext_1,60,Film_Coef,0.131,Density,2.51e-09,Thermal_Conductivity,165.0,Specific_Heat,921000000.0,Radius,25
947.0,T_int,53.7982788086,T_ext_1,60,Film_Coef,0.131,Density,2.51e-09,Thermal_Conductivity,165.0,Specific_Heat,921000000.0,Radius,25
957.0,T_int,53.919216156,T_ext_1,60,Film_Coef,0.131,Density,2.51e-09,Thermal_Conductivity,165.0,Specific_Heat,921000000.0,Radius,25
967.0,T_int,54.0377922058,T_ext_1,60,Film_Coef,0.131,Density,2.51e-09,Thermal_Conductivity,165.0,Specific_Heat,921000000.0,Radius,25
977.0,T_int,54.1540565491,T_ext_1,60,Film_Coef,0.131,Density,2.51e-09,Thermal_Conductivity,165.0,Specific_Heat,921000000.0,Radius,25
987.0,T_int,54.2680511475,T_ext_1,60,Film_Coef,0.131,Density,2.51e-09,Thermal_Conductivity,165.0,Specific_Heat,921000000.0,Radius,25
997.0,T_int,54.379825592,T_ext_1,60,Film_Coef,0.131,Density,2.51e-09,Thermal_Conductivity,165.0,Specific_Heat,921000000.0,Radius,25
1007.0,T_int,54.4894218445,T_ext_1,60,Film_Coef,0.131,Density,2.51e-09,Thermal_Conductivity,165.0,Specific_Heat,921000000.0,Radius,25
1017.0,T_int,54.5968780518,T_ext_1,60,Film_Coef,0.131,Density,2.51e-09,Thermal_Conductivity,165.0,Specific_Heat,921000000.0,Radius,25
1027.0,T_int,54.7022399902,T_ext_1,60,Film_Coef,0.131,Density,2.51e-09,Thermal_Conductivity,165.0,Specific_Heat,921000000.0,Radius,25
1037.0,T_int,54.8055496216,T_ext_1,60,Film_Coef,0.131,Density,2.51e-09,Thermal_Conductivity,165.0,Specific_Heat,921000000.0,Radius,25
1047.0,T_int,54.9068412781,T_ext_1,60,Film_Coef,0.131,Density,2.51e-09,Thermal_Conductivity,165.0,Specific_Heat,921000000.0,Radius,25
1057.0,T_int,55.0061569214,T_ext_1,60,Film_Coef,0.131,Density,2.51e-09,Thermal_Conductivity,165.0,Specific_Heat,921000000.0,Radius,25
1067.0,T_int,55.1035385132,T_ext_1,60,Film_Coef,0.131,Density,2.51e-09,Thermal_Conductivity,165.0,Specific_Heat,921000000.0,Radius,25
1077.0,T_int,55.1990203857,T_ext_1,60,Film_Coef,0.131,Density,2.51e-09,Thermal_Conductivity,165.0,Specific_Heat,921000000.0,Radius,25
1087.0,T_int,55.292640686,T_ext_1,60,Film_Coef,0.131,Density,2.51e-09,Thermal_Conductivity,165.0,Specific_Heat,921000000.0,Radius,25
1097.0,T_int,55.3844337463,T_ext_1,60,Film_Coef,0.131,Density,2.51e-09,Thermal_Conductivity,165.0,Specific_Heat,921000000.0,Radius,25
1107.0,T_int,55.4744415283,T_ext_1,60,Film_Coef,0.131,Density,2.51e-09,Thermal_Conductivity,165.0,Specific_Heat,921000000.0,Radius,25
1117.0,T_int,55.5626907349,T_ext_1,60,Film_Coef,0.131,Density,2.51e-09,Thermal_Conductivity,165.0,Specific_Heat,921000000.0,Radius,25
1127.0,T_int,55.6492195129,T_ext_1,60,Film_Coef,0.131,Density,2.51e-09,Thermal_Conductivity,165.0,Specific_Heat,921000000.0,Radius,25
1137.0,T_int,55.7340583801,T_ext_1,60,Film_Coef,0.131,Density,2.51e-09,Thermal_Conductivity,165.0,Specific_Heat,921000000.0,Radius,25
1147.0,T_int,55.8172454834,T_ext_1,60,Film_Coef,0.131,Density,2.51e-09,Thermal_Conductivity,165.0,Specific_Heat,921000000.0,Radius,25
1157.0,T_int,55.8988113403,T_ext_1,60,Film_Coef,0.131,Density,2.51e-09,Thermal_Conductivity,165.0,Specific_Heat,921000000.0,Radius,25
1167.0,T_int,55.9787826538,T_ext_1,60,Film_Coef,0.131,Density,2.51e-09,Thermal_Conductivity,165.0,Specific_Heat,921000000.0,Radius,25
1177.0,T_int,56.0571975708,T_ext_1,60,Film_Coef,0.131,Density,2.51e-09,Thermal_Conductivity,165.0,Specific_Heat,921000000.0,Radius,25
1187.0,T_int,56.1340827942,T_ext_1,60,Film_Coef,0.131,Density,2.51e-09,Thermal_Conductivity,165.0,Specific_Heat,921000000.0,Radius,25
1197.0,T_int,56.2094688416,T_ext_1,60,Film_Coef,0.131,Density,2.51e-09,Thermal_Conductivity,165.0,Specific_Heat,921000000.0,Radius,25
1207.0,T_int,56.2833862305,T_ext_1,60,Film_Coef,0.131,Density,2.51e-09,Thermal_Conductivity,165.0,Specific_Heat,921000000.0,Radius,25
1217.0,T_int,56.3558616638,T_ext_1,60,Film_Coef,0.131,Density,2.51e-09,Thermal_Conductivity,165.0,Specific_Heat,921000000.0,Radius,25
1227.0,T_int,56.4269218445,T_ext_1,60,Film_Coef,0.131,Density,2.51e-09,Thermal_Conductivity,165.0,Specific_Heat,921000000.0,Radius,25
1237.0,T_int,56.49659729,T_ext_1,60,Film_Coef,0.131,Density,2.51e-09,Thermal_Conductivity,165.0,Specific_Heat,921000000.0,Radius,25
1247.0,T_int,56.5649147034,T_ext_1,60,Film_Coef,0.131,Density,2.51e-09,Thermal_Conductivity,165.0,Specific_Heat,921000000.0,Radius,25
1257.0,T_int,56.6319007874,T_ext_1,60,Film_Coef,0.131,Density,2.51e-09,Thermal_Conductivity,165.0,Specific_Heat,921000000.0,Radius,25
1267.0,T_int,56.6975784302,T_ext_1,60,Film_Coef,0.131,Density,2.51e-09,Thermal_Conductivity,165.0,Specific_Heat,921000000.0,Radius,25
1277.0,T_int,56.7619743347,T_ext_1,60,Film_Coef,0.131,Density,2.51e-09,Thermal_Conductivity,165.0,Specific_Heat,921000000.0,Radius,25
1287.0,T_int,56.8251190186,T_ext_1,60,Film_Coef,0.131,Density,2.51e-09,Thermal_Conductivity,165.0,Specific_Heat,921000000.0,Radius,25
1297.0,T_int,56.8870277405,T_ext_1,60,Film_Coef,0.131,Density,2.51e-09,Thermal_Conductivity,165.0,Specific_Heat,921000000.0,Radius,25
1307.0,T_int,56.9477310181,T_ext_1,60,Film_Coef,0.131,Density,2.51e-09,Thermal_Conductivity,165.0,Specific_Heat,921000000.0,Radius,25
1317.0,T_int,57.0072517395,T_ext_1,60,Film_Coef,0.131,Density,2.51e-09,Thermal_Conductivity,165.0,Specific_Heat,921000000.0,Radius,25
1327.0,T_int,57.065612793,T_ext_1,60,Film_Coef,0.131,Density,2.51e-09,Thermal_Conductivity,165.0,Specific_Heat,921000000.0,Radius,25
1337.0,T_int,57.122833252,T_ext_1,60,Film_Coef,0.131,Density,2.51e-09,Thermal_Conductivity,165.0,Specific_Heat,921000000.0,Radius,25
1347.0,T_int,57.1789360046,T_ext_1,60,Film_Coef,0.131,Density,2.51e-09,Thermal_Conductivity,165.0,Specific_Heat,921000000.0,Radius,25
1357.0,T_int,57.2339477539,T_ext_1,60,Film_Coef,0.131,Density,2.51e-09,Thermal_Conductivity,165.0,Specific_Heat,921000000.0,Radius,25
1367.0,T_int,57.2878875732,T_ext_1,60,Film_Coef,0.131,Density,2.51e-09,Thermal_Conductivity,165.0,Specific_Heat,921000000.0,Radius,25
1377.0,T_int,57.3407745361,T_ext_1,60,Film_Coef,0.131,Density,2.51e-09,Thermal_Conductivity,165.0,Specific_Heat,921000000.0,Radius,25
1387.0,T_int,57.3926315308,T_ext_1,60,Film_Coef,0.131,Density,2.51e-09,Thermal_Conductivity,165.0,Specific_Heat,921000000.0,Radius,25
1397.0,T_int,57.4434738159,T_ext_1,60,Film_Coef,0.131,Density,2.51e-09,Thermal_Conductivity,165.0,Specific_Heat,921000000.0,Radius,25
1407.0,T_int,57.4933280945,T_ext_1,60,Film_Coef,0.131,Density,2.51e-09,Thermal_Conductivity,165.0,Specific_Heat,921000000.0,Radius,25
1417.0,T_int,57.5422058105,T_ext_1,60,Film_Coef,0.131,Density,2.51e-09,Thermal_Conductivity,165.0,Specific_Heat,921000000.0,Radius,25
1427.0,T_int,57.590133667,T_ext_1,60,Film_Coef,0.131,Density,2.51e-09,Thermal_Conductivity,165.0,Specific_Heat,921000000.0,Radius,25
1437.0,T_int,57.6371269226,T_ext_1,60,Film_Coef,0.131,Density,2.51e-09,Thermal_Conductivity,165.0,Specific_Heat,921000000.0,Radius,25
1447.0,T_int,57.6832046509,T_ext_1,60,Film_Coef,0.131,Density,2.51e-09,Thermal_Conductivity,165.0,Specific_Heat,921000000.0,Radius,25
1457.0,T_int,57.7283821106,T_ext_1,60,Film_Coef,0.131,Density,2.51e-09,Thermal_Conductivity,165.0,Specific_Heat,921000000.0,Radius,25
1467.0,T_int,57.7726783752,T_ext_1,60,Film_Coef,0.131,Density,2.51e-09,Thermal_Conductivity,165.0,Specific_Heat,921000000.0,Radius,25
1477.0,T_int,57.8161125183,T_ext_1,60,Film_Coef,0.131,Density,2.51e-09,Thermal_Conductivity,165.0,Specific_Heat,921000000.0,Radius,25
1487.0,T_int,57.8586997986,T_ext_1,60,Film_Coef,0.131,Density,2.51e-09,Thermal_Conductivity,165.0,Specific_Heat,921000000.0,Radius,25
1497.0,T_int,57.9004554749,T_ext_1,60,Film_Coef,0.131,Density,2.51e-09,Thermal_Conductivity,165.0,Specific_Heat,921000000.0,Radius,25
1507.0,T_int,57.9413948059,T_ext_1,60,Film_Coef,0.131,Density,2.51e-09,Thermal_Conductivity,165.0,Specific_Heat,921000000.0,Radius,25
1517.0,T_int,57.9815406799,T_ext_1,60,Film_Coef,0.131,Density,2.51e-09,Thermal_Conductivity,165.0,Specific_Heat,921000000.0,Radius,25
1527.0,T_int,58.0209007263,T_ext_1,60,Film_Coef,0.131,Density,2.51e-09,Thermal_Conductivity,165.0,Specific_Heat,921000000.0,Radius,25
1537.0,T_int,58.0594940186,T_ext_1,60,Film_Coef,0.131,Density,2.51e-09,Thermal_Conductivity,165.0,Specific_Heat,921000000.0,Radius,25
1547.0,T_int,58.0973320007,T_ext_1,60,Film_Coef,0.131,Density,2.51e-09,Thermal_Conductivity,165.0,Specific_Heat,921000000.0,Radius,25
1557.0,T_int,58.1344337463,T_ext_1,60,Film_Coef,0.131,Density,2.51e-09,Thermal_Conductivity,165.0,Specific_Heat,921000000.0,Radius,25
1567.0,T_int,58.1708145142,T_ext_1,60,Film_Coef,0.131,Density,2.51e-09,Thermal_Conductivity,165.0,Specific_Heat,921000000.0,Radius,25
1577.0,T_int,58.2064819336,T_ext_1,60,Film_Coef,0.131,Density,2.51e-09,Thermal_Conductivity,165.0,Specific_Heat,921000000.0,Radius,25
1587.0,T_int,58.2414588928,T_ext_1,60,Film_Coef,0.131,Density,2.51e-09,Thermal_Conductivity,165.0,Specific_Heat,921000000.0,Radius,25
1597.0,T_int,58.2757492065,T_ext_1,60,Film_Coef,0.131,Density,2.51e-09,Thermal_Conductivity,165.0,Specific_Heat,921000000.0,Radius,25
1607.0,T_int,58.3093719482,T_ext_1,60,Film_Coef,0.131,Density,2.51e-09,Thermal_Conductivity,165.0,Specific_Heat,921000000.0,Radius,25
1617.0,T_int,58.342338562,T_ext_1,60,Film_Coef,0.131,Density,2.51e-09,Thermal_Conductivity,165.0,Specific_Heat,921000000.0,Radius,25
1627.0,T_int,58.3746643066,T_ext_1,60,Film_Coef,0.131,Density,2.51e-09,Thermal_Conductivity,165.0,Specific_Heat,921000000.0,Radius,25
1637.0,T_int,58.4063606262,T_ext_1,60,Film_Coef,0.131,Density,2.51e-09,Thermal_Conductivity,165.0,Specific_Heat,921000000.0,Radius,25
1647.0,T_int,58.4374351501,T_ext_1,60,Film_Coef,0.131,Density,2.51e-09,Thermal_Conductivity,165.0,Specific_Heat,921000000.0,Radius,25
1657.0,T_int,58.4679069519,T_ext_1,60,Film_Coef,0.131,Density,2.51e-09,Thermal_Conductivity,165.0,Specific_Heat,921000000.0,Radius,25
1667.0,T_int,58.4977798462,T_ext_1,60,Film_Coef,0.131,Density,2.51e-09,Thermal_Conductivity,165.0,Specific_Heat,921000000.0,Radius,25
1677.0,T_int,58.5270767212,T_ext_1,60,Film_Coef,0.131,Density,2.51e-09,Thermal_Conductivity,165.0,Specific_Heat,921000000.0,Radius,25
1687.0,T_int,58.5557975769,T_ext_1,60,Film_Coef,0.131,Density,2.51e-09,Thermal_Conductivity,165.0,Specific_Heat,921000000.0,Radius,25
1697.0,T_int,58.5839614868,T_ext_1,60,Film_Coef,0.131,Density,2.51e-09,Thermal_Conductivity,165.0,Specific_Heat,921000000.0,Radius,25
1707.0,T_int,58.6115722656,T_ext_1,60,Film_Coef,0.131,Density,2.51e-09,Thermal_Conductivity,165.0,Specific_Heat,921000000.0,Radius,25
1717.0,T_int,58.6386489868,T_ext_1,60,Film_Coef,0.131,Density,2.51e-09,Thermal_Conductivity,165.0,Specific_Heat,921000000.0,Radius,25
1727.0,T_int,58.6651954651,T_ext_1,60,Film_Coef,0.131,Density,2.51e-09,Thermal_Conductivity,165.0,Specific_Heat,921000000.0,Radius,25
1737.0,T_int,58.6912231445,T_ext_1,60,Film_Coef,0.131,Density,2.51e-09,Thermal_Conductivity,165.0,Specific_Heat,921000000.0,Radius,25
1747.0,T_int,58.7167434692,T_ext_1,60,Film_Coef,0.131,Density,2.51e-09,Thermal_Conductivity,165.0,Specific_Heat,921000000.0,Radius,25
1757.0,T_int,58.7417678833,T_ext_1,60,Film_Coef,0.131,Density,2.51e-09,Thermal_Conductivity,165.0,Specific_Heat,921000000.0,Radius,25
1767.0,T_int,58.7663040161,T_ext_1,60,Film_Coef,0.131,Density,2.51e-09,Thermal_Conductivity,165.0,Specific_Heat,921000000.0,Radius,25
1777.0,T_int,58.7903594971,T_ext_1,60,Film_Coef,0.131,Density,2.51e-09,Thermal_Conductivity,165.0,Specific_Heat,921000000.0,Radius,25
1787.0,T_int,58.813949585,T_ext_1,60,Film_Coef,0.131,Density,2.51e-09,Thermal_Conductivity,165.0,Specific_Heat,921000000.0,Radius,25
1797.0,T_int,58.8370780945,T_ext_1,60,Film_Coef,0.131,Density,2.51e-09,Thermal_Conductivity,165.0,Specific_Heat,921000000.0,Radius,25
1807.0,T_int,58.8597564697,T_ext_1,60,Film_Coef,0.131,Density,2.51e-09,Thermal_Conductivity,165.0,Specific_Heat,921000000.0,Radius,25
1817.0,T_int,58.8819885254,T_ext_1,60,Film_Coef,0.131,Density,2.51e-09,Thermal_Conductivity,165.0,Specific_Heat,921000000.0,Radius,25
1827.0,T_int,58.9037895203,T_ext_1,60,Film_Coef,0.131,Density,2.51e-09,Thermal_Conductivity,165.0,Specific_Heat,921000000.0,Radius,25
1837.0,T_int,58.9251670837,T_ext_1,60,Film_Coef,0.131,Density,2.51e-09,Thermal_Conductivity,165.0,Specific_Heat,921000000.0,Radius,25
1847.0,T_int,58.9461250305,T_ext_1,60,Film_Coef,0.131,Density,2.51e-09,Thermal_Conductivity,165.0,Specific_Heat,921000000.0,Radius,25
1857.0,T_int,58.9666786194,T_ext_1,60,Film_Coef,0.131,Density,2.51e-09,Thermal_Conductivity,165.0,Specific_Heat,921000000.0,Radius,25
1867.0,T_int,58.9868278503,T_ext_1,60,Film_Coef,0.131,Density,2.51e-09,Thermal_Conductivity,165.0,Specific_Heat,921000000.0,Radius,25
1877.0,T_int,59.0065841675,T_ext_1,60,Film_Coef,0.131,Density,2.51e-09,Thermal_Conductivity,165.0,Specific_Heat,921000000.0,Radius,25
1887.0,T_int,59.0259552002,T_ext_1,60,Film_Coef,0.131,Density,2.51e-09,Thermal_Conductivity,165.0,Specific_Heat,921000000.0,Radius,25
1897.0,T_int,59.0449485779,T_ext_1,60,Film_Coef,0.131,Density,2.51e-09,Thermal_Conductivity,165.0,Specific_Heat,921000000.0,Radius,25
1907.0,T_int,59.0635757446,T_ext_1,60,Film_Coef,0.131,Density,2.51e-09,Thermal_Conductivity,165.0,Specific_Heat,921000000.0,Radius,25
1917.0,T_int,59.0818328857,T_ext_1,60,Film_Coef,0.131,Density,2.51e-09,Thermal_Conductivity,165.0,Specific_Heat,921000000.0,Radius,25
1927.0,T_int,59.0997390747,T_ext_1,60,Film_Coef,0.131,Density,2.51e-09,Thermal_Conductivity,165.0,Specific_Heat,921000000.0,Radius,25
1937.0,T_int,59.1172943115,T_ext_1,60,Film_Coef,0.131,Density,2.51e-09,Thermal_Conductivity,165.0,Specific_Heat,921000000.0,Radius,25
1947.0,T_int,59.1345062256,T_ext_1,60,Film_Coef,0.131,Density,2.51e-09,Thermal_Conductivity,165.0,Specific_Heat,921000000.0,Radius,25
1957.0,T_int,59.151386261,T_ext_1,60,Film_Coef,0.131,Density,2.51e-09,Thermal_Conductivity,165.0,Specific_Heat,921000000.0,Radius,25
1967.0,T_int,59.1679344177,T_ext_1,60,Film_Coef,0.131,Density,2.51e-09,Thermal_Conductivity,165.0,Specific_Heat,921000000.0,Radius,25
1977.0,T_int,59.1841583252,T_ext_1,60,Film_Coef,0.131,Density,2.51e-09,Thermal_Conductivity,165.0,Specific_Heat,921000000.0,Radius,25
1987.0,T_int,59.2000656128,T_ext_1,60,Film_Coef,0.131,Density,2.51e-09,Thermal_Conductivity,165.0,Specific_Heat,921000000.0,Radius,25
1997.0,T_int,59.2156677246,T_ext_1,60,Film_Coef,0.131,Density,2.51e-09,Thermal_Conductivity,165.0,Specific_Heat,921000000.0,Radius,25
2000.0,T_int,59.2203178406,T_ext_1,60,Film_Coef,0.131,Density,2.51e-09,Thermal_Conductivity,165.0,Specific_Heat,921000000.0,Radius,25
