1.0,T_int,21.965045929,T_ext_1,22.88,Film_Coef,0.414258373482,Density,2.91e-09,Thermal_Conductivity,165.0,Specific_Heat,971000000.0,Radius,25
2.0,T_int,21.9037189484,T_ext_1,23.76,Film_Coef,0.414258373482,Density,2.91e-09,Thermal_Conductivity,165.0,Specific_Heat,971000000.0,Radius,25
3.0,T_int,21.8281879425,T_ext_1,24.64,Film_Coef,0.414258373482,Density,2.91e-09,Thermal_Conductivity,165.0,Specific_Heat,971000000.0,Radius,25
5.0,T_int,21.6732273102,T_ext_1,26.4,Film_Coef,0.414258373482,Density,2.91e-09,Thermal_Conductivity,165.0,Specific_Heat,971000000.0,Radius,25
9.0,T_int,21.4459247589,T_ext_1,29.92,Film_Coef,0.414258373482,Density,2.91e-09,Thermal_Conductivity,165.0,Specific_Heat,971000000.0,Radius,25
17.0,T_int,21.406873703,T_ext_1,36.96,Film_Coef,0.414258373482,Density,2.91e-09,Thermal_Conductivity,165.0,Specific_Heat,971000000.0,Radius,25
27.0,T_int,21.9989719391,T_ext_1,45.76,Film_Coef,0.414258373482,Density,2.91e-09,Thermal_Conductivity,165.0,Specific_Heat,971000000.0,Radius,25
32.7669410706,T_int,22.548582077,T_ext_1,50.8349081421,Film_Coef,0.414258373482,Density,2.91e-09,Thermal_Conductivity,165.0,Specific_Heat,971000000.0,Radius,25
38.5338783264,T_int,23.3007202148,T_ext_1,55.9098129272,Film_Coef,0.414258373482,Density,2.91e-09,Thermal_Conductivity,165.0,Specific_Heat,971000000.0,Radius,25
42.9937438965,T_int,24.0008792877,T_ext_1,59.8344946289,Film_Coef,0.414258373482,Density,2.91e-09,Thermal_Conductivity,165.0,Specific_Heat,971000000.0,Radius,25
47.4536056519,T_int,24.8169231415,T_ext_1,63.7591729737,Film_Coef,0.414258373482,Density,2.91e-09,Thermal_Conductivity,165.0,Specific_Heat,971000000.0,Radius,25
51.9134674072,T_int,25.7014446259,T_ext_1,62.8851919556,Film_Coef,0.414258373482,Density,2.91e-09,Thermal_Conductivity,165.0,Specific_Heat,971000000.0,Radius,25
56.3733329773,T_int,26.5804519653,T_ext_1,62.6176000214,Film_Coef,0.414258373482,Density,2.91e-09,Thermal_Conductivity,165.0,Specific_Heat,971000000.0,Radius,25
60.8331947327,T_int,27.43409729,T_ext_1,62.350008316,Film_Coef,0.414258373482,Density,2.91e-09,Thermal_Conductivity,165.0,Specific_Heat,971000000.0,Radius,25
65.2930603027,T_int,28.2583580017,T_ext_1,62.0824163818,Film_Coef,0.414258373482,Density,2.91e-09,Thermal_Conductivity,165.0,Specific_Heat,971000000.0,Radius,25
69.7529220581,T_int,29.0527839661,T_ext_1,61.8148246765,Film_Coef,0.414258373482,Density,2.91e-09,Thermal_Conductivity,165.0,Specific_Heat,971000000.0,Radius,25
74.2127838135,T_int,29.8177223206,T_ext_1,61.5472329712,Film_Coef,0.414258373482,Density,2.91e-09,Thermal_Conductivity,165.0,Specific_Heat,971000000.0,Radius,25
78.6726455688,T_int,30.5537166595,T_ext_1,61.2796412659,Film_Coef,0.414258373482,Density,2.91e-09,Thermal_Conductivity,165.0,Specific_Heat,971000000.0,Radius,25
83.1325149536,T_int,31.2613582611,T_ext_1,61.0120491028,Film_Coef,0.414258373482,Density,2.91e-09,Thermal_Conductivity,165.0,Specific_Heat,971000000.0,Radius,25
87.592376709,T_int,31.9412536621,T_ext_1,60.7444573975,Film_Coef,0.414258373482,Density,2.91e-09,Thermal_Conductivity,165.0,Specific_Heat,971000000.0,Radius,25
92.0522384644,T_int,32.5940132141,T_ext_1,60.4768656921,Film_Coef,0.414258373482,Density,2.91e-09,Thermal_Conductivity,165.0,Specific_Heat,971000000.0,Radius,25
96.5121002197,T_int,33.2202262878,T_ext_1,60.2092739868,Film_Coef,0.414258373482,Density,2.91e-09,Thermal_Conductivity,165.0,Specific_Heat,971000000.0,Radius,25
100.971961975,T_int,33.82239151,T_ext_1,60,Film_Coef,0.414258373482,Density,2.91e-09,Thermal_Conductivity,165.0,Specific_Heat,971000000.0,Radius,25
105.43182373,T_int,34.4083862305,T_ext_1,60,Film_Coef,0.414258373482,Density,2.91e-09,Thermal_Conductivity,165.0,Specific_Heat,971000000.0,Radius,25
109.891693115,T_int,34.9806442261,T_ext_1,60,Film_Coef,0.414258373482,Density,2.91e-09,Thermal_Conductivity,165.0,Specific_Heat,971000000.0,Radius,25
114.351554871,T_int,35.5399475098,T_ext_1,60,Film_Coef,0.414258373482,Density,2.91e-09,Thermal_Conductivity,165.0,Specific_Heat,971000000.0,Radius,25
118.811416626,T_int,36.0866966248,T_ext_1,60,Film_Coef,0.414258373482,Density,2.91e-09,Thermal_Conductivity,165.0,Specific_Heat,971000000.0,Radius,25
123.271278381,T_int,36.6212005615,T_ext_1,60,Film_Coef,0.414258373482,Density,2.91e-09,Thermal_Conductivity,165.0,Specific_Heat,971000000.0,Radius,25
127.731140137,T_int,37.1437492371,T_ext_1,60,Film_Coef,0.414258373482,Density,2.91e-09,Thermal_Conductivity,165.0,Specific_Heat,971000000.0,Radius,25
132.191009521,T_int,37.6546134949,T_ext_1,60,Film_Coef,0.414258373482,Density,2.91e-09,Thermal_Conductivity,165.0,Specific_Heat,971000000.0,Radius,25
136.650863647,T_int,38.1540565491,T_ext_1,60,Film_Coef,0.414258373482,Density,2.91e-09,Thermal_Conductivity,165.0,Specific_Heat,971000000.0,Radius,25
141.110733032,T_int,38.6423339844,T_ext_1,60,Film_Coef,0.414258373482,Density,2.91e-09,Thermal_Conductivity,165.0,Specific_Heat,971000000.0,Radius,25
145.570602417,T_int,39.1196975708,T_ext_1,60,Film_Coef,0.414258373482,Density,2.91e-09,Thermal_Conductivity,165.0,Specific_Heat,971000000.0,Radius,25
150.030456543,T_int,39.586391449,T_ext_1,60,Film_Coef,0.414258373482,Density,2.91e-09,Thermal_Conductivity,165.0,Specific_Heat,971000000.0,Radius,25
154.490325928,T_int,40.0426559448,T_ext_1,60,Film_Coef,0.414258373482,Density,2.91e-09,Thermal_Conductivity,165.0,Specific_Heat,971000000.0,Radius,25
158.950180054,T_int,40.4887199402,T_ext_1,60,Film_Coef,0.414258373482,Density,2.91e-09,Thermal_Conductivity,165.0,Specific_Heat,971000000.0,Radius,25
163.410049438,T_int,40.9248123169,T_ext_1,60,Film_Coef,0.414258373482,Density,2.91e-09,Thermal_Conductivity,165.0,Specific_Heat,971000000.0,Radius,25
167.869918823,T_int,41.3511619568,T_ext_1,60,Film_Coef,0.414258373482,Density,2.91e-09,Thermal_Conductivity,165.0,Specific_Heat,971000000.0,Radius,25
172.329772949,T_int,41.7679786682,T_ext_1,60,Film_Coef,0.414258373482,Density,2.91e-09,Thermal_Conductivity,165.0,Specific_Heat,971000000.0,Radius,25
180.889602661,T_int,42.5343513489,T_ext_1,60,Film_Coef,0.414258373482,Density,2.91e-09,Thermal_Conductivity,165.0,Specific_Heat,971000000.0,Radius,25
189.449432373,T_int,43.2685089111,T_ext_1,60,Film_Coef,0.414258373482,Density,2.91e-09,Thermal_Conductivity,165.0,Specific_Heat,971000000.0,Radius,25
198.009262085,T_int,43.9718093872,T_ext_1,60,Film_Coef,0.414258373482,Density,2.91e-09,Thermal_Conductivity,165.0,Specific_Heat,971000000.0,Radius,25
206.569091797,T_int,44.6455459595,T_ext_1,60,Film_Coef,0.414258373482,Density,2.91e-09,Thermal_Conductivity,165.0,Specific_Heat,971000000.0,Radius,25
216.569091797,T_int,45.3942527771,T_ext_1,60,Film_Coef,0.414258373482,Density,2.91e-09,Thermal_Conductivity,165.0,Specific_Heat,971000000.0,Radius,25
226.569091797,T_int,46.1064567566,T_ext_1,60,Film_Coef,0.414258373482,Density,2.91e-09,Thermal_Conductivity,165.0,Specific_Heat,971000000.0,Radius,25
236.569091797,T_int,46.7839279175,T_ext_1,60,Film_Coef,0.414258373482,Density,2.91e-09,Thermal_Conductivity,165.0,Specific_Heat,971000000.0,Radius,25
246.569091797,T_int,47.4283676147,T_ext_1,60,Film_Coef,0.414258373482,Density,2.91e-09,Thermal_Conductivity,165.0,Specific_Heat,971000000.0,Radius,25
256.569091797,T_int,48.0413818359,T_ext_1,60,Film_Coef,0.414258373482,Density,2.91e-09,Thermal_Conductivity,165.0,Specific_Heat,971000000.0,Radius,25
266.569091797,T_int,48.6245040894,T_ext_1,60,Film_Coef,0.414258373482,Density,2.91e-09,Thermal_Conductivity,165.0,Specific_Heat,971000000.0,Radius,25
276.569091797,T_int,49.1791954041,T_ext_1,60,Film_Coef,0.414258373482,Density,2.91e-09,Thermal_Conductivity,165.0,Specific_Heat,971000000.0,Radius,25
286.569091797,T_int,49.7068367004,T_ext_1,60,Film_Coef,0.414258373482,Density,2.91e-09,Thermal_Conductivity,165.0,Specific_Heat,971000000.0,Radius,25
296.569091797,T_int,50.2087478638,T_ext_1,60,Film_Coef,0.414258373482,Density,2.91e-09,Thermal_Conductivity,165.0,Specific_Heat,971000000.0,Radius,25
306.569091797,T_int,50.6861877441,T_ext_1,60,Film_Coef,0.414258373482,Density,2.91e-09,Thermal_Conductivity,165.0,Specific_Heat,971000000.0,Radius,25
316.569091797,T_int,51.1403465271,T_ext_1,60,Film_Coef,0.414258373482,Density,2.91e-09,Thermal_Conductivity,165.0,Specific_Heat,971000000.0,Radius,25
326.569091797,T_int,51.5723571777,T_ext_1,60,Film_Coef,0.414258373482,Density,2.91e-09,Thermal_Conductivity,165.0,Specific_Heat,971000000.0,Radius,25
336.569091797,T_int,51.9833030701,T_ext_1,60,Film_Coef,0.414258373482,Density,2.91e-09,Thermal_Conductivity,165.0,Specific_Heat,971000000.0,Radius,25
346.569091797,T_int,52.3742103577,T_ext_1,60,Film_Coef,0.414258373482,Density,2.91e-09,Thermal_Conductivity,165.0,Specific_Heat,971000000.0,Radius,25
356.569091797,T_int,52.7460594177,T_ext_1,60,Film_Coef,0.414258373482,Density,2.91e-09,Thermal_Conductivity,165.0,Specific_Heat,971000000.0,Radius,25
366.569091797,T_int,53.099773407,T_ext_1,60,Film_Coef,0.414258373482,Density,2.91e-09,Thermal_Conductivity,165.0,Specific_Heat,971000000.0,Radius,25
376.569091797,T_int,53.4362411499,T_ext_1,60,Film_Coef,0.414258373482,Density,2.91e-09,Thermal_Conductivity,165.0,Specific_Heat,971000000.0,Radius,25
386.569091797,T_int,53.7563018799,T_ext_1,60,Film_Coef,0.414258373482,Density,2.91e-09,Thermal_Conductivity,165.0,Specific_Heat,971000000.0,Radius,25
396.569091797,T_int,54.0607566833,T_ext_1,60,Film_Coef,0.414258373482,Density,2.91e-09,Thermal_Conductivity,165.0,Specific_Heat,971000000.0,Radius,25
406.569091797,T_int,54.3503646851,T_ext_1,60,Film_Coef,0.414258373482,Density,2.91e-09,Thermal_Conductivity,165.0,Specific_Heat,971000000.0,Radius,25
416.569091797,T_int,54.6258506775,T_ext_1,60,Film_Coef,0.414258373482,Density,2.91e-09,Thermal_Conductivity,165.0,Specific_Heat,971000000.0,Radius,25
426.569091797,T_int,54.8879013062,T_ext_1,60,Film_Coef,0.414258373482,Density,2.91e-09,Thermal_Conductivity,165.0,Specific_Heat,971000000.0,Radius,25
436.569091797,T_int,55.1371765137,T_ext_1,60,Film_Coef,0.414258373482,Density,2.91e-09,Thermal_Conductivity,165.0,Specific_Heat,971000000.0,Radius,25
446.569091797,T_int,55.3742980957,T_ext_1,60,Film_Coef,0.414258373482,Density,2.91e-09,Thermal_Conductivity,165.0,Specific_Heat,971000000.0,Radius,25
456.569091797,T_int,55.5998535156,T_ext_1,60,Film_Coef,0.414258373482,Density,2.91e-09,Thermal_Conductivity,165.0,Specific_Heat,971000000.0,Radius,25
466.569091797,T_int,55.8144111633,T_ext_1,60,Film_Coef,0.414258373482,Density,2.91e-09,Thermal_Conductivity,165.0,Specific_Heat,971000000.0,Radius,25
476.569091797,T_int,56.0185089111,T_ext_1,60,Film_Coef,0.414258373482,Density,2.91e-09,Thermal_Conductivity,165.0,Specific_Heat,971000000.0,Radius,25
486.569091797,T_int,56.2126541138,T_ext_1,60,Film_Coef,0.414258373482,Density,2.91e-09,Thermal_Conductivity,165.0,Specific_Heat,971000000.0,Radius,25
496.569091797,T_int,56.3973312378,T_ext_1,60,Film_Coef,0.414258373482,Density,2.91e-09,Thermal_Conductivity,165.0,Specific_Heat,971000000.0,Radius,25
506.569091797,T_int,56.5730056763,T_ext_1,60,Film_Coef,0.414258373482,Density,2.91e-09,Thermal_Conductivity,165.0,Specific_Heat,971000000.0,Radius,25
516.569091797,T_int,56.74010849,T_ext_1,60,Film_Coef,0.414258373482,Density,2.91e-09,Thermal_Conductivity,165.0,Specific_Heat,971000000.0,Radius,25
526.569091797,T_int,56.899066925,T_ext_1,60,Film_Coef,0.414258373482,Density,2.91e-09,Thermal_Conductivity,165.0,Specific_Heat,971000000.0,Radius,25
536.569091797,T_int,57.0502738953,T_ext_1,60,Film_Coef,0.414258373482,Density,2.91e-09,Thermal_Conductivity,165.0,Specific_Heat,971000000.0,Radius,25
546.569091797,T_int,57.1941070557,T_ext_1,60,Film_Coef,0.414258373482,Density,2.91e-09,Thermal_Conductivity,165.0,Specific_Heat,971000000.0,Radius,25
556.569091797,T_int,57.3309288025,T_ext_1,60,Film_Coef,0.414258373482,Density,2.91e-09,Thermal_Conductivity,165.0,Specific_Heat,971000000.0,Radius,25
566.569091797,T_int,57.4610786438,T_ext_1,60,Film_Coef,0.414258373482,Density,2.91e-09,Thermal_Conductivity,165.0,Specific_Heat,971000000.0,Radius,25
576.569091797,T_int,57.5848808289,T_ext_1,60,Film_Coef,0.414258373482,Density,2.91e-09,Thermal_Conductivity,165.0,Specific_Heat,971000000.0,Radius,25
586.569091797,T_int,57.7026443481,T_ext_1,60,Film_Coef,0.414258373482,Density,2.91e-09,Thermal_Conductivity,165.0,Specific_Heat,971000000.0,Radius,25
596.569091797,T_int,57.814666748,T_ext_1,60,Film_Coef,0.414258373482,Density,2.91e-09,Thermal_Conductivity,165.0,Specific_Heat,971000000.0,Radius,25
606.569091797,T_int,57.9212303162,T_ext_1,60,Film_Coef,0.414258373482,Density,2.91e-09,Thermal_Conductivity,165.0,Specific_Heat,971000000.0,Radius,25
616.569091797,T_int,58.0225944519,T_ext_1,60,Film_Coef,0.414258373482,Density,2.91e-09,Thermal_Conductivity,165.0,Specific_Heat,971000000.0,Radius,25
626.569091797,T_int,58.11901474,T_ext_1,60,Film_Coef,0.414258373482,Density,2.91e-09,Thermal_Conductivity,165.0,Specific_Heat,971000000.0,Radius,25
636.569091797,T_int,58.210735321,T_ext_1,60,Film_Coef,0.414258373482,Density,2.91e-09,Thermal_Conductivity,165.0,Specific_Heat,971000000.0,Radius,25
646.569091797,T_int,58.2979812622,T_ext_1,60,Film_Coef,0.414258373482,Density,2.91e-09,Thermal_Conductivity,165.0,Specific_Heat,971000000.0,Radius,25
656.569091797,T_int,58.3809776306,T_ext_1,60,Film_Coef,0.414258373482,Density,2.91e-09,Thermal_Conductivity,165.0,Specific_Heat,971000000.0,Radius,25
666.569091797,T_int,58.4599227905,T_ext_1,60,Film_Coef,0.414258373482,Density,2.91e-09,Thermal_Conductivity,165.0,Specific_Heat,971000000.0,Radius,25
676.569091797,T_int,58.5350189209,T_ext_1,60,Film_Coef,0.414258373482,Density,2.91e-09,Thermal_Conductivity,165.0,Specific_Heat,971000000.0,Radius,25
686.569091797,T_int,58.6064529419,T_ext_1,60,Film_Coef,0.414258373482,Density,2.91e-09,Thermal_Conductivity,165.0,Specific_Heat,971000000.0,Radius,25
696.569091797,T_int,58.674407959,T_ext_1,60,Film_Coef,0.414258373482,Density,2.91e-09,Thermal_Conductivity,165.0,Specific_Heat,971000000.0,Radius,25
706.569091797,T_int,58.7390441895,T_ext_1,60,Film_Coef,0.414258373482,Density,2.91e-09,Thermal_Conductivity,165.0,Specific_Heat,971000000.0,Radius,25
716.569091797,T_int,58.80052948,T_ext_1,60,Film_Coef,0.414258373482,Density,2.91e-09,Thermal_Conductivity,165.0,Specific_Heat,971000000.0,Radius,25
726.569091797,T_int,58.8590202332,T_ext_1,60,Film_Coef,0.414258373482,Density,2.91e-09,Thermal_Conductivity,165.0,Specific_Heat,971000000.0,Radius,25
736.569091797,T_int,58.9146537781,T_ext_1,60,Film_Coef,0.414258373482,Density,2.91e-09,Thermal_Conductivity,165.0,Specific_Heat,971000000.0,Radius,25
746.569091797,T_int,58.9675788879,T_ext_1,60,Film_Coef,0.414258373482,Density,2.91e-09,Thermal_Conductivity,165.0,Specific_Heat,971000000.0,Radius,25
756.569091797,T_int,59.0179214478,T_ext_1,60,Film_Coef,0.414258373482,Density,2.91e-09,Thermal_Conductivity,165.0,Specific_Heat,971000000.0,Radius,25
766.569091797,T_int,59.0658073425,T_ext_1,60,Film_Coef,0.414258373482,Density,2.91e-09,Thermal_Conductivity,165.0,Specific_Heat,971000000.0,Radius,25
776.569091797,T_int,59.1113624573,T_ext_1,60,Film_Coef,0.414258373482,Density,2.91e-09,Thermal_Conductivity,165.0,Specific_Heat,971000000.0,Radius,25
786.569091797,T_int,59.1546936035,T_ext_1,60,Film_Coef,0.414258373482,Density,2.91e-09,Thermal_Conductivity,165.0,Specific_Heat,971000000.0,Radius,25
796.569091797,T_int,59.1959114075,T_ext_1,60,Film_Coef,0.414258373482,Density,2.91e-09,Thermal_Conductivity,165.0,Specific_Heat,971000000.0,Radius,25
806.569091797,T_int,59.2351226807,T_ext_1,60,Film_Coef,0.414258373482,Density,2.91e-09,Thermal_Conductivity,165.0,Specific_Heat,971000000.0,Radius,25
816.569091797,T_int,59.2724189758,T_ext_1,60,Film_Coef,0.414258373482,Density,2.91e-09,Thermal_Conductivity,165.0,Specific_Heat,971000000.0,Radius,25
826.569091797,T_int,59.3078956604,T_ext_1,60,Film_Coef,0.414258373482,Density,2.91e-09,Thermal_Conductivity,165.0,Specific_Heat,971000000.0,Radius,25
836.569091797,T_int,59.3416442871,T_ext_1,60,Film_Coef,0.414258373482,Density,2.91e-09,Thermal_Conductivity,165.0,Specific_Heat,971000000.0,Radius,25
846.569091797,T_int,59.3737449646,T_ext_1,60,Film_Coef,0.414258373482,Density,2.91e-09,Thermal_Conductivity,165.0,Specific_Heat,971000000.0,Radius,25
856.569091797,T_int,59.4042854309,T_ext_1,60,Film_Coef,0.414258373482,Density,2.91e-09,Thermal_Conductivity,165.0,Specific_Heat,971000000.0,Radius,25
866.569091797,T_int,59.4333305359,T_ext_1,60,Film_Coef,0.414258373482,Density,2.91e-09,Thermal_Conductivity,165.0,Specific_Heat,971000000.0,Radius,25
876.569091797,T_int,59.4609642029,T_ext_1,60,Film_Coef,0.414258373482,Density,2.91e-09,Thermal_Conductivity,165.0,Specific_Heat,971000000.0,Radius,25
886.569091797,T_int,59.487247467,T_ext_1,60,Film_Coef,0.414258373482,Density,2.91e-09,Thermal_Conductivity,165.0,Specific_Heat,971000000.0,Radius,25
896.569091797,T_int,59.5122489929,T_ext_1,60,Film_Coef,0.414258373482,Density,2.91e-09,Thermal_Conductivity,165.0,Specific_Heat,971000000.0,Radius,25
906.569091797,T_int,59.5360336304,T_ext_1,60,Film_Coef,0.414258373482,Density,2.91e-09,Thermal_Conductivity,165.0,Specific_Heat,971000000.0,Radius,25
916.569091797,T_int,59.5586585999,T_ext_1,60,Film_Coef,0.414258373482,Density,2.91e-09,Thermal_Conductivity,165.0,Specific_Heat,971000000.0,Radius,25
926.569091797,T_int,59.5801773071,T_ext_1,60,Film_Coef,0.414258373482,Density,2.91e-09,Thermal_Conductivity,165.0,Specific_Heat,971000000.0,Radius,25
936.569091797,T_int,59.6006507874,T_ext_1,60,Film_Coef,0.414258373482,Density,2.91e-09,Thermal_Conductivity,165.0,Specific_Heat,971000000.0,Radius,25
946.569091797,T_int,59.6201248169,T_ext_1,60,Film_Coef,0.414258373482,Density,2.91e-09,Thermal_Conductivity,165.0,Specific_Heat,971000000.0,Radius,25
956.569091797,T_int,59.6386451721,T_ext_1,60,Film_Coef,0.414258373482,Density,2.91e-09,Thermal_Conductivity,165.0,Specific_Heat,971000000.0,Radius,25
966.569091797,T_int,59.6562652588,T_ext_1,60,Film_Coef,0.414258373482,Density,2.91e-09,Thermal_Conductivity,165.0,Specific_Heat,971000000.0,Radius,25
976.569091797,T_int,59.6730270386,T_ext_1,60,Film_Coef,0.414258373482,Density,2.91e-09,Thermal_Conductivity,165.0,Specific_Heat,971000000.0,Radius,25
986.569091797,T_int,59.6889724731,T_ext_1,60,Film_Coef,0.414258373482,Density,2.91e-09,Thermal_Conductivity,165.0,Specific_Heat,971000000.0,Radius,25
996.569091797,T_int,59.7041358948,T_ext_1,60,Film_Coef,0.414258373482,Density,2.91e-09,Thermal_Conductivity,165.0,Specific_Heat,971000000.0,Radius,25
1006.5690918,T_int,59.7185630798,T_ext_1,60,Film_Coef,0.414258373482,Density,2.91e-09,Thermal_Conductivity,165.0,Specific_Heat,971000000.0,Radius,25
1016.5690918,T_int,59.7322883606,T_ext_1,60,Film_Coef,0.414258373482,Density,2.91e-09,Thermal_Conductivity,165.0,Specific_Heat,971000000.0,Radius,25
1026.5690918,T_int,59.7453422546,T_ext_1,60,Film_Coef,0.414258373482,Density,2.91e-09,Thermal_Conductivity,165.0,Specific_Heat,971000000.0,Radius,25
1036.5690918,T_int,59.7577590942,T_ext_1,60,Film_Coef,0.414258373482,Density,2.91e-09,Thermal_Conductivity,165.0,Specific_Heat,971000000.0,Radius,25
1046.5690918,T_int,59.7695732117,T_ext_1,60,Film_Coef,0.414258373482,Density,2.91e-09,Thermal_Conductivity,165.0,Specific_Heat,971000000.0,Radius,25
1056.5690918,T_int,59.7808074951,T_ext_1,60,Film_Coef,0.414258373482,Density,2.91e-09,Thermal_Conductivity,165.0,Specific_Heat,971000000.0,Radius,25
1066.5690918,T_int,59.7914962769,T_ext_1,60,Film_Coef,0.414258373482,Density,2.91e-09,Thermal_Conductivity,165.0,Specific_Heat,971000000.0,Radius,25
1076.5690918,T_int,59.8016624451,T_ext_1,60,Film_Coef,0.414258373482,Density,2.91e-09,Thermal_Conductivity,165.0,Specific_Heat,971000000.0,Radius,25
1086.5690918,T_int,59.8113327026,T_ext_1,60,Film_Coef,0.414258373482,Density,2.91e-09,Thermal_Conductivity,165.0,Specific_Heat,971000000.0,Radius,25
1096.5690918,T_int,59.8205337524,T_ext_1,60,Film_Coef,0.414258373482,Density,2.91e-09,Thermal_Conductivity,165.0,Specific_Heat,971000000.0,Radius,25
1106.5690918,T_int,59.829284668,T_ext_1,60,Film_Coef,0.414258373482,Density,2.91e-09,Thermal_Conductivity,165.0,Specific_Heat,971000000.0,Radius,25
1116.5690918,T_int,59.8376083374,T_ext_1,60,Film_Coef,0.414258373482,Density,2.91e-09,Thermal_Conductivity,165.0,Specific_Heat,971000000.0,Radius,25
1126.5690918,T_int,59.8455276489,T_ext_1,60,Film_Coef,0.414258373482,Density,2.91e-09,Thermal_Conductivity,165.0,Specific_Heat,971000000.0,Radius,25
1136.5690918,T_int,59.853061676,T_ext_1,60,Film_Coef,0.414258373482,Density,2.91e-09,Thermal_Conductivity,165.0,Specific_Heat,971000000.0,Radius,25
1146.5690918,T_int,59.8602256775,T_ext_1,60,Film_Coef,0.414258373482,Density,2.91e-09,Thermal_Conductivity,165.0,Specific_Heat,971000000.0,Radius,25
1156.5690918,T_int,59.8670425415,T_ext_1,60,Film_Coef,0.414258373482,Density,2.91e-09,Thermal_Conductivity,165.0,Specific_Heat,971000000.0,Radius,25
1166.5690918,T_int,59.8735237122,T_ext_1,60,Film_Coef,0.414258373482,Density,2.91e-09,Thermal_Conductivity,165.0,Specific_Heat,971000000.0,Radius,25
1176.5690918,T_int,59.8796920776,T_ext_1,60,Film_Coef,0.414258373482,Density,2.91e-09,Thermal_Conductivity,165.0,Specific_Heat,971000000.0,Radius,25
1186.5690918,T_int,59.885559082,T_ext_1,60,Film_Coef,0.414258373482,Density,2.91e-09,Thermal_Conductivity,165.0,Specific_Heat,971000000.0,Radius,25
1196.5690918,T_int,59.8911399841,T_ext_1,60,Film_Coef,0.414258373482,Density,2.91e-09,Thermal_Conductivity,165.0,Specific_Heat,971000000.0,Radius,25
1206.5690918,T_int,59.896446228,T_ext_1,60,Film_Coef,0.414258373482,Density,2.91e-09,Thermal_Conductivity,165.0,Specific_Heat,971000000.0,Radius,25
1216.5690918,T_int,59.9014968872,T_ext_1,60,Film_Coef,0.414258373482,Density,2.91e-09,Thermal_Conductivity,165.0,Specific_Heat,971000000.0,Radius,25
1226.5690918,T_int,59.9062995911,T_ext_1,60,Film_Coef,0.414258373482,Density,2.91e-09,Thermal_Conductivity,165.0,Specific_Heat,971000000.0,Radius,25
1236.5690918,T_int,59.9108695984,T_ext_1,60,Film_Coef,0.414258373482,Density,2.91e-09,Thermal_Conductivity,165.0,Specific_Heat,971000000.0,Radius,25
1246.5690918,T_int,59.9152145386,T_ext_1,60,Film_Coef,0.414258373482,Density,2.91e-09,Thermal_Conductivity,165.0,Specific_Heat,971000000.0,Radius,25
1256.5690918,T_int,59.9193496704,T_ext_1,60,Film_Coef,0.414258373482,Density,2.91e-09,Thermal_Conductivity,165.0,Specific_Heat,971000000.0,Radius,25
1266.5690918,T_int,59.9232826233,T_ext_1,60,Film_Coef,0.414258373482,Density,2.91e-09,Thermal_Conductivity,165.0,Specific_Heat,971000000.0,Radius,25
1276.5690918,T_int,59.9270210266,T_ext_1,60,Film_Coef,0.414258373482,Density,2.91e-09,Thermal_Conductivity,165.0,Specific_Heat,971000000.0,Radius,25
1286.5690918,T_int,59.9305801392,T_ext_1,60,Film_Coef,0.414258373482,Density,2.91e-09,Thermal_Conductivity,165.0,Specific_Heat,971000000.0,Radius,25
1296.5690918,T_int,59.9339675903,T_ext_1,60,Film_Coef,0.414258373482,Density,2.91e-09,Thermal_Conductivity,165.0,Specific_Heat,971000000.0,Radius,25
1306.5690918,T_int,59.9371871948,T_ext_1,60,Film_Coef,0.414258373482,Density,2.91e-09,Thermal_Conductivity,165.0,Specific_Heat,971000000.0,Radius,25
1316.5690918,T_int,59.9402503967,T_ext_1,60,Film_Coef,0.414258373482,Density,2.91e-09,Thermal_Conductivity,165.0,Specific_Heat,971000000.0,Radius,25
1326.5690918,T_int,59.9431610107,T_ext_1,60,Film_Coef,0.414258373482,Density,2.91e-09,Thermal_Conductivity,165.0,Specific_Heat,971000000.0,Radius,25
1336.5690918,T_int,59.9459342957,T_ext_1,60,Film_Coef,0.414258373482,Density,2.91e-09,Thermal_Conductivity,165.0,Specific_Heat,971000000.0,Radius,25
1346.5690918,T_int,59.9485702515,T_ext_1,60,Film_Coef,0.414258373482,Density,2.91e-09,Thermal_Conductivity,165.0,Specific_Heat,971000000.0,Radius,25
1356.5690918,T_int,59.9510765076,T_ext_1,60,Film_Coef,0.414258373482,Density,2.91e-09,Thermal_Conductivity,165.0,Specific_Heat,971000000.0,Radius,25
1366.5690918,T_int,59.9534645081,T_ext_1,60,Film_Coef,0.414258373482,Density,2.91e-09,Thermal_Conductivity,165.0,Specific_Heat,971000000.0,Radius,25
1376.5690918,T_int,59.9557342529,T_ext_1,60,Film_Coef,0.414258373482,Density,2.91e-09,Thermal_Conductivity,165.0,Specific_Heat,971000000.0,Radius,25
1386.5690918,T_int,59.9578895569,T_ext_1,60,Film_Coef,0.414258373482,Density,2.91e-09,Thermal_Conductivity,165.0,Specific_Heat,971000000.0,Radius,25
1396.5690918,T_int,59.9599456787,T_ext_1,60,Film_Coef,0.414258373482,Density,2.91e-09,Thermal_Conductivity,165.0,Specific_Heat,971000000.0,Radius,25
1406.5690918,T_int,59.9618988037,T_ext_1,60,Film_Coef,0.414258373482,Density,2.91e-09,Thermal_Conductivity,165.0,Specific_Heat,971000000.0,Radius,25
1416.5690918,T_int,59.9637565613,T_ext_1,60,Film_Coef,0.414258373482,Density,2.91e-09,Thermal_Conductivity,165.0,Specific_Heat,971000000.0,Radius,25
1426.5690918,T_int,59.9655227661,T_ext_1,60,Film_Coef,0.414258373482,Density,2.91e-09,Thermal_Conductivity,165.0,Specific_Heat,971000000.0,Radius,25
1436.5690918,T_int,59.9672050476,T_ext_1,60,Film_Coef,0.414258373482,Density,2.91e-09,Thermal_Conductivity,165.0,Specific_Heat,971000000.0,Radius,25
1446.5690918,T_int,59.9688034058,T_ext_1,60,Film_Coef,0.414258373482,Density,2.91e-09,Thermal_Conductivity,165.0,Specific_Heat,971000000.0,Radius,25
1456.5690918,T_int,59.97032547,T_ext_1,60,Film_Coef,0.414258373482,Density,2.91e-09,Thermal_Conductivity,165.0,Specific_Heat,971000000.0,Radius,25
1466.5690918,T_int,59.9717712402,T_ext_1,60,Film_Coef,0.414258373482,Density,2.91e-09,Thermal_Conductivity,165.0,Specific_Heat,971000000.0,Radius,25
1476.5690918,T_int,59.9731483459,T_ext_1,60,Film_Coef,0.414258373482,Density,2.91e-09,Thermal_Conductivity,165.0,Specific_Heat,971000000.0,Radius,25
1486.5690918,T_int,59.9744567871,T_ext_1,60,Film_Coef,0.414258373482,Density,2.91e-09,Thermal_Conductivity,165.0,Specific_Heat,971000000.0,Radius,25
1496.5690918,T_int,59.9757041931,T_ext_1,60,Film_Coef,0.414258373482,Density,2.91e-09,Thermal_Conductivity,165.0,Specific_Heat,971000000.0,Radius,25
1506.5690918,T_int,59.9768867493,T_ext_1,60,Film_Coef,0.414258373482,Density,2.91e-09,Thermal_Conductivity,165.0,Specific_Heat,971000000.0,Radius,25
1516.5690918,T_int,59.9780158997,T_ext_1,60,Film_Coef,0.414258373482,Density,2.91e-09,Thermal_Conductivity,165.0,Specific_Heat,971000000.0,Radius,25
1526.5690918,T_int,59.9790878296,T_ext_1,60,Film_Coef,0.414258373482,Density,2.91e-09,Thermal_Conductivity,165.0,Specific_Heat,971000000.0,Radius,25
1536.5690918,T_int,59.9801063538,T_ext_1,60,Film_Coef,0.414258373482,Density,2.91e-09,Thermal_Conductivity,165.0,Specific_Heat,971000000.0,Radius,25
1546.5690918,T_int,59.9810752869,T_ext_1,60,Film_Coef,0.414258373482,Density,2.91e-09,Thermal_Conductivity,165.0,Specific_Heat,971000000.0,Radius,25
1556.5690918,T_int,59.9819984436,T_ext_1,60,Film_Coef,0.414258373482,Density,2.91e-09,Thermal_Conductivity,165.0,Specific_Heat,971000000.0,Radius,25
1566.5690918,T_int,59.982875824,T_ext_1,60,Film_Coef,0.414258373482,Density,2.91e-09,Thermal_Conductivity,165.0,Specific_Heat,971000000.0,Radius,25
1576.5690918,T_int,59.9837112427,T_ext_1,60,Film_Coef,0.414258373482,Density,2.91e-09,Thermal_Conductivity,165.0,Specific_Heat,971000000.0,Radius,25
1586.5690918,T_int,59.9845046997,T_ext_1,60,Film_Coef,0.414258373482,Density,2.91e-09,Thermal_Conductivity,165.0,Specific_Heat,971000000.0,Radius,25
1596.5690918,T_int,59.9852600098,T_ext_1,60,Film_Coef,0.414258373482,Density,2.91e-09,Thermal_Conductivity,165.0,Specific_Heat,971000000.0,Radius,25
1606.5690918,T_int,59.9859809875,T_ext_1,60,Film_Coef,0.414258373482,Density,2.91e-09,Thermal_Conductivity,165.0,Specific_Heat,971000000.0,Radius,25
1616.5690918,T_int,59.9866638184,T_ext_1,60,Film_Coef,0.414258373482,Density,2.91e-09,Thermal_Conductivity,165.0,Specific_Heat,971000000.0,Radius,25
1626.5690918,T_int,59.9873161316,T_ext_1,60,Film_Coef,0.414258373482,Density,2.91e-09,Thermal_Conductivity,165.0,Specific_Heat,971000000.0,Radius,25
1636.5690918,T_int,59.9879341125,T_ext_1,60,Film_Coef,0.414258373482,Density,2.91e-09,Thermal_Conductivity,165.0,Specific_Heat,971000000.0,Radius,25
1646.5690918,T_int,59.9885215759,T_ext_1,60,Film_Coef,0.414258373482,Density,2.91e-09,Thermal_Conductivity,165.0,Specific_Heat,971000000.0,Radius,25
1656.5690918,T_int,59.9890823364,T_ext_1,60,Film_Coef,0.414258373482,Density,2.91e-09,Thermal_Conductivity,165.0,Specific_Heat,971000000.0,Radius,25
1666.5690918,T_int,59.9896125793,T_ext_1,60,Film_Coef,0.414258373482,Density,2.91e-09,Thermal_Conductivity,165.0,Specific_Heat,971000000.0,Radius,25
1676.5690918,T_int,59.9901199341,T_ext_1,60,Film_Coef,0.414258373482,Density,2.91e-09,Thermal_Conductivity,165.0,Specific_Heat,971000000.0,Radius,25
1686.5690918,T_int,59.9906005859,T_ext_1,60,Film_Coef,0.414258373482,Density,2.91e-09,Thermal_Conductivity,165.0,Specific_Heat,971000000.0,Radius,25
1696.5690918,T_int,59.9910583496,T_ext_1,60,Film_Coef,0.414258373482,Density,2.91e-09,Thermal_Conductivity,165.0,Specific_Heat,971000000.0,Radius,25
1706.5690918,T_int,59.9914970398,T_ext_1,60,Film_Coef,0.414258373482,Density,2.91e-09,Thermal_Conductivity,165.0,Specific_Heat,971000000.0,Radius,25
1716.5690918,T_int,59.9919090271,T_ext_1,60,Film_Coef,0.414258373482,Density,2.91e-09,Thermal_Conductivity,165.0,Specific_Heat,971000000.0,Radius,25
1726.5690918,T_int,59.9923057556,T_ext_1,60,Film_Coef,0.414258373482,Density,2.91e-09,Thermal_Conductivity,165.0,Specific_Heat,971000000.0,Radius,25
1736.5690918,T_int,59.9926795959,T_ext_1,60,Film_Coef,0.414258373482,Density,2.91e-09,Thermal_Conductivity,165.0,Specific_Heat,971000000.0,Radius,25
1746.5690918,T_int,59.9930381775,T_ext_1,60,Film_Coef,0.414258373482,Density,2.91e-09,Thermal_Conductivity,165.0,Specific_Heat,971000000.0,Radius,25
1756.5690918,T_int,59.9933776855,T_ext_1,60,Film_Coef,0.414258373482,Density,2.91e-09,Thermal_Conductivity,165.0,Specific_Heat,971000000.0,Radius,25
1766.5690918,T_int,59.9936981201,T_ext_1,60,Film_Coef,0.414258373482,Density,2.91e-09,Thermal_Conductivity,165.0,Specific_Heat,971000000.0,Radius,25
1776.5690918,T_int,59.9940071106,T_ext_1,60,Film_Coef,0.414258373482,Density,2.91e-09,Thermal_Conductivity,165.0,Specific_Heat,971000000.0,Radius,25
1786.5690918,T_int,59.9943008423,T_ext_1,60,Film_Coef,0.414258373482,Density,2.91e-09,Thermal_Conductivity,165.0,Specific_Heat,971000000.0,Radius,25
1796.5690918,T_int,59.9945755005,T_ext_1,60,Film_Coef,0.414258373482,Density,2.91e-09,Thermal_Conductivity,165.0,Specific_Heat,971000000.0,Radius,25
1806.5690918,T_int,59.9948425293,T_ext_1,60,Film_Coef,0.414258373482,Density,2.91e-09,Thermal_Conductivity,165.0,Specific_Heat,971000000.0,Radius,25
1816.5690918,T_int,59.9950942993,T_ext_1,60,Film_Coef,0.414258373482,Density,2.91e-09,Thermal_Conductivity,165.0,Specific_Heat,971000000.0,Radius,25
1826.5690918,T_int,59.9953308105,T_ext_1,60,Film_Coef,0.414258373482,Density,2.91e-09,Thermal_Conductivity,165.0,Specific_Heat,971000000.0,Radius,25
1836.5690918,T_int,59.9955596924,T_ext_1,60,Film_Coef,0.414258373482,Density,2.91e-09,Thermal_Conductivity,165.0,Specific_Heat,971000000.0,Radius,25
1846.5690918,T_int,59.9957771301,T_ext_1,60,Film_Coef,0.414258373482,Density,2.91e-09,Thermal_Conductivity,165.0,Specific_Heat,971000000.0,Radius,25
1856.5690918,T_int,59.9959831238,T_ext_1,60,Film_Coef,0.414258373482,Density,2.91e-09,Thermal_Conductivity,165.0,Specific_Heat,971000000.0,Radius,25
1866.5690918,T_int,59.9961776733,T_ext_1,60,Film_Coef,0.414258373482,Density,2.91e-09,Thermal_Conductivity,165.0,Specific_Heat,971000000.0,Radius,25
1876.5690918,T_int,59.9963645935,T_ext_1,60,Film_Coef,0.414258373482,Density,2.91e-09,Thermal_Conductivity,165.0,Specific_Heat,971000000.0,Radius,25
1886.5690918,T_int,59.9965400696,T_ext_1,60,Film_Coef,0.414258373482,Density,2.91e-09,Thermal_Conductivity,165.0,Specific_Heat,971000000.0,Radius,25
1896.5690918,T_int,59.996711731,T_ext_1,60,Film_Coef,0.414258373482,Density,2.91e-09,Thermal_Conductivity,165.0,Specific_Heat,971000000.0,Radius,25
1906.5690918,T_int,59.9968719482,T_ext_1,60,Film_Coef,0.414258373482,Density,2.91e-09,Thermal_Conductivity,165.0,Specific_Heat,971000000.0,Radius,25
1916.5690918,T_int,59.9970245361,T_ext_1,60,Film_Coef,0.414258373482,Density,2.91e-09,Thermal_Conductivity,165.0,Specific_Heat,971000000.0,Radius,25
1926.5690918,T_int,59.9971694946,T_ext_1,60,Film_Coef,0.414258373482,Density,2.91e-09,Thermal_Conductivity,165.0,Specific_Heat,971000000.0,Radius,25
1936.5690918,T_int,59.9973068237,T_ext_1,60,Film_Coef,0.414258373482,Density,2.91e-09,Thermal_Conductivity,165.0,Specific_Heat,971000000.0,Radius,25
1946.5690918,T_int,59.9974365234,T_ext_1,60,Film_Coef,0.414258373482,Density,2.91e-09,Thermal_Conductivity,165.0,Specific_Heat,971000000.0,Radius,25
1956.5690918,T_int,59.9975624084,T_ext_1,60,Film_Coef,0.414258373482,Density,2.91e-09,Thermal_Conductivity,165.0,Specific_Heat,971000000.0,Radius,25
1966.5690918,T_int,59.9976806641,T_ext_1,60,Film_Coef,0.414258373482,Density,2.91e-09,Thermal_Conductivity,165.0,Specific_Heat,971000000.0,Radius,25
1976.5690918,T_int,59.997795105,T_ext_1,60,Film_Coef,0.414258373482,Density,2.91e-09,Thermal_Conductivity,165.0,Specific_Heat,971000000.0,Radius,25
1986.5690918,T_int,59.9979019165,T_ext_1,60,Film_Coef,0.414258373482,Density,2.91e-09,Thermal_Conductivity,165.0,Specific_Heat,971000000.0,Radius,25
1996.5690918,T_int,59.9980049133,T_ext_1,60,Film_Coef,0.414258373482,Density,2.91e-09,Thermal_Conductivity,165.0,Specific_Heat,971000000.0,Radius,25
2000.0,T_int,59.9980392456,T_ext_1,60,Film_Coef,0.414258373482,Density,2.91e-09,Thermal_Conductivity,165.0,Specific_Heat,971000000.0,Radius,25
