1.0,T_int,21.9815444946,T_ext_1,22.88,Film_Coef,0.131,Density,2.31e-09,Thermal_Conductivity,245.0,Specific_Heat,1071000000.0,Radius,25
2.0,T_int,21.9532833099,T_ext_1,23.76,Film_Coef,0.131,Density,2.31e-09,Thermal_Conductivity,245.0,Specific_Heat,1071000000.0,Radius,25
3.0,T_int,21.9218902588,T_ext_1,24.64,Film_Coef,0.131,Density,2.31e-09,Thermal_Conductivity,245.0,Specific_Heat,1071000000.0,Radius,25
5.0,T_int,21.8631458282,T_ext_1,26.4,Film_Coef,0.131,Density,2.31e-09,Thermal_Conductivity,245.0,Specific_Heat,1071000000.0,Radius,25
9.0,T_int,21.7814483643,T_ext_1,29.92,Film_Coef,0.131,Density,2.31e-09,Thermal_Conductivity,245.0,Specific_Heat,1071000000.0,Radius,25
17.0,T_int,21.7731342316,T_ext_1,36.96,Film_Coef,0.131,Density,2.31e-09,Thermal_Conductivity,245.0,Specific_Heat,1071000000.0,Radius,25
27.0,T_int,22.0033569336,T_ext_1,45.76,Film_Coef,0.131,Density,2.31e-09,Thermal_Conductivity,245.0,Specific_Heat,1071000000.0,Radius,25
37.0,T_int,22.4702186584,T_ext_1,54.56,Film_Coef,0.131,Density,2.31e-09,Thermal_Conductivity,245.0,Specific_Heat,1071000000.0,Radius,25
47.0,T_int,23.1694850922,T_ext_1,63.36,Film_Coef,0.131,Density,2.31e-09,Thermal_Conductivity,245.0,Specific_Heat,1071000000.0,Radius,25
57.0,T_int,23.9290313721,T_ext_1,62.58,Film_Coef,0.131,Density,2.31e-09,Thermal_Conductivity,245.0,Specific_Heat,1071000000.0,Radius,25
67.0,T_int,24.6610298157,T_ext_1,61.98,Film_Coef,0.131,Density,2.31e-09,Thermal_Conductivity,245.0,Specific_Heat,1071000000.0,Radius,25
77.0,T_int,25.3584842682,T_ext_1,61.38,Film_Coef,0.131,Density,2.31e-09,Thermal_Conductivity,245.0,Specific_Heat,1071000000.0,Radius,25
87.0,T_int,26.0213928223,T_ext_1,60.78,Film_Coef,0.131,Density,2.31e-09,Thermal_Conductivity,245.0,Specific_Heat,1071000000.0,Radius,25
97.0,T_int,26.6503143311,T_ext_1,60.18,Film_Coef,0.131,Density,2.31e-09,Thermal_Conductivity,245.0,Specific_Heat,1071000000.0,Radius,25
107.0,T_int,27.259847641,T_ext_1,60,Film_Coef,0.131,Density,2.31e-09,Thermal_Conductivity,245.0,Specific_Heat,1071000000.0,Radius,25
117.0,T_int,27.8575687408,T_ext_1,60,Film_Coef,0.131,Density,2.31e-09,Thermal_Conductivity,245.0,Specific_Heat,1071000000.0,Radius,25
127.0,T_int,28.4443187714,T_ext_1,60,Film_Coef,0.131,Density,2.31e-09,Thermal_Conductivity,245.0,Specific_Heat,1071000000.0,Radius,25
137.0,T_int,29.0203514099,T_ext_1,60,Film_Coef,0.131,Density,2.31e-09,Thermal_Conductivity,245.0,Specific_Heat,1071000000.0,Radius,25
147.0,T_int,29.5858669281,T_ext_1,60,Film_Coef,0.131,Density,2.31e-09,Thermal_Conductivity,245.0,Specific_Heat,1071000000.0,Radius,25
157.0,T_int,30.1410598755,T_ext_1,60,Film_Coef,0.131,Density,2.31e-09,Thermal_Conductivity,245.0,Specific_Heat,1071000000.0,Radius,25
167.0,T_int,30.6861152649,T_ext_1,60,Film_Coef,0.131,Density,2.31e-09,Thermal_Conductivity,245.0,Specific_Heat,1071000000.0,Radius,25
177.0,T_int,31.2212238312,T_ext_1,60,Film_Coef,0.131,Density,2.31e-09,Thermal_Conductivity,245.0,Specific_Heat,1071000000.0,Radius,25
187.0,T_int,31.7465629578,T_ext_1,60,Film_Coef,0.131,Density,2.31e-09,Thermal_Conductivity,245.0,Specific_Heat,1071000000.0,Radius,25
197.0,T_int,32.2623138428,T_ext_1,60,Film_Coef,0.131,Density,2.31e-09,Thermal_Conductivity,245.0,Specific_Heat,1071000000.0,Radius,25
207.0,T_int,32.7686462402,T_ext_1,60,Film_Coef,0.131,Density,2.31e-09,Thermal_Conductivity,245.0,Specific_Heat,1071000000.0,Radius,25
217.0,T_int,33.2657394409,T_ext_1,60,Film_Coef,0.131,Density,2.31e-09,Thermal_Conductivity,245.0,Specific_Heat,1071000000.0,Radius,25
227.0,T_int,33.7537574768,T_ext_1,60,Film_Coef,0.131,Density,2.31e-09,Thermal_Conductivity,245.0,Specific_Heat,1071000000.0,Radius,25
237.0,T_int,34.2328681946,T_ext_1,60,Film_Coef,0.131,Density,2.31e-09,Thermal_Conductivity,245.0,Specific_Heat,1071000000.0,Radius,25
247.0,T_int,34.7032318115,T_ext_1,60,Film_Coef,0.131,Density,2.31e-09,Thermal_Conductivity,245.0,Specific_Heat,1071000000.0,Radius,25
257.0,T_int,35.1650085449,T_ext_1,60,Film_Coef,0.131,Density,2.31e-09,Thermal_Conductivity,245.0,Specific_Heat,1071000000.0,Radius,25
267.0,T_int,35.6183547974,T_ext_1,60,Film_Coef,0.131,Density,2.31e-09,Thermal_Conductivity,245.0,Specific_Heat,1071000000.0,Radius,25
277.0,T_int,36.0634269714,T_ext_1,60,Film_Coef,0.131,Density,2.31e-09,Thermal_Conductivity,245.0,Specific_Heat,1071000000.0,Radius,25
287.0,T_int,36.500377655,T_ext_1,60,Film_Coef,0.131,Density,2.31e-09,Thermal_Conductivity,245.0,Specific_Heat,1071000000.0,Radius,25
297.0,T_int,36.9293479919,T_ext_1,60,Film_Coef,0.131,Density,2.31e-09,Thermal_Conductivity,245.0,Specific_Heat,1071000000.0,Radius,25
307.0,T_int,37.3504867554,T_ext_1,60,Film_Coef,0.131,Density,2.31e-09,Thermal_Conductivity,245.0,Specific_Heat,1071000000.0,Radius,25
317.0,T_int,37.7639427185,T_ext_1,60,Film_Coef,0.131,Density,2.31e-09,Thermal_Conductivity,245.0,Specific_Heat,1071000000.0,Radius,25
327.0,T_int,38.1698493958,T_ext_1,60,Film_Coef,0.131,Density,2.31e-09,Thermal_Conductivity,245.0,Specific_Heat,1071000000.0,Radius,25
337.0,T_int,38.5683441162,T_ext_1,60,Film_Coef,0.131,Density,2.31e-09,Thermal_Conductivity,245.0,Specific_Heat,1071000000.0,Radius,25
347.0,T_int,38.959564209,T_ext_1,60,Film_Coef,0.131,Density,2.31e-09,Thermal_Conductivity,245.0,Specific_Heat,1071000000.0,Radius,25
357.0,T_int,39.3436470032,T_ext_1,60,Film_Coef,0.131,Density,2.31e-09,Thermal_Conductivity,245.0,Specific_Heat,1071000000.0,Radius,25
367.0,T_int,39.7207145691,T_ext_1,60,Film_Coef,0.131,Density,2.31e-09,Thermal_Conductivity,245.0,Specific_Heat,1071000000.0,Radius,25
377.0,T_int,40.0909004211,T_ext_1,60,Film_Coef,0.131,Density,2.31e-09,Thermal_Conductivity,245.0,Specific_Heat,1071000000.0,Radius,25
387.0,T_int,40.4543304443,T_ext_1,60,Film_Coef,0.131,Density,2.31e-09,Thermal_Conductivity,245.0,Specific_Heat,1071000000.0,Radius,25
397.0,T_int,40.811126709,T_ext_1,60,Film_Coef,0.131,Density,2.31e-09,Thermal_Conductivity,245.0,Specific_Heat,1071000000.0,Radius,25
407.0,T_int,41.1614074707,T_ext_1,60,Film_Coef,0.131,Density,2.31e-09,Thermal_Conductivity,245.0,Specific_Heat,1071000000.0,Radius,25
417.0,T_int,41.5052947998,T_ext_1,60,Film_Coef,0.131,Density,2.31e-09,Thermal_Conductivity,245.0,Specific_Heat,1071000000.0,Radius,25
427.0,T_int,41.8429031372,T_ext_1,60,Film_Coef,0.131,Density,2.31e-09,Thermal_Conductivity,245.0,Specific_Heat,1071000000.0,Radius,25
437.0,T_int,42.1743507385,T_ext_1,60,Film_Coef,0.131,Density,2.31e-09,Thermal_Conductivity,245.0,Specific_Heat,1071000000.0,Radius,25
447.0,T_int,42.49974823,T_ext_1,60,Film_Coef,0.131,Density,2.31e-09,Thermal_Conductivity,245.0,Specific_Heat,1071000000.0,Radius,25
457.0,T_int,42.8192024231,T_ext_1,60,Film_Coef,0.131,Density,2.31e-09,Thermal_Conductivity,245.0,Specific_Heat,1071000000.0,Radius,25
467.0,T_int,43.1328277588,T_ext_1,60,Film_Coef,0.131,Density,2.31e-09,Thermal_Conductivity,245.0,Specific_Heat,1071000000.0,Radius,25
477.0,T_int,43.4407310486,T_ext_1,60,Film_Coef,0.131,Density,2.31e-09,Thermal_Conductivity,245.0,Specific_Heat,1071000000.0,Radius,25
487.0,T_int,43.7430076599,T_ext_1,60,Film_Coef,0.131,Density,2.31e-09,Thermal_Conductivity,245.0,Specific_Heat,1071000000.0,Radius,25
497.0,T_int,44.0397720337,T_ext_1,60,Film_Coef,0.131,Density,2.31e-09,Thermal_Conductivity,245.0,Specific_Heat,1071000000.0,Radius,25
507.0,T_int,44.3311157227,T_ext_1,60,Film_Coef,0.131,Density,2.31e-09,Thermal_Conductivity,245.0,Specific_Heat,1071000000.0,Radius,25
517.0,T_int,44.6171417236,T_ext_1,60,Film_Coef,0.131,Density,2.31e-09,Thermal_Conductivity,245.0,Specific_Heat,1071000000.0,Radius,25
527.0,T_int,44.8979454041,T_ext_1,60,Film_Coef,0.131,Density,2.31e-09,Thermal_Conductivity,245.0,Specific_Heat,1071000000.0,Radius,25
537.0,T_int,45.173625946,T_ext_1,60,Film_Coef,0.131,Density,2.31e-09,Thermal_Conductivity,245.0,Specific_Heat,1071000000.0,Radius,25
547.0,T_int,45.4442710876,T_ext_1,60,Film_Coef,0.131,Density,2.31e-09,Thermal_Conductivity,245.0,Specific_Heat,1071000000.0,Radius,25
557.0,T_int,45.7099761963,T_ext_1,60,Film_Coef,0.131,Density,2.31e-09,Thermal_Conductivity,245.0,Specific_Heat,1071000000.0,Radius,25
567.0,T_int,45.9708328247,T_ext_1,60,Film_Coef,0.131,Density,2.31e-09,Thermal_Conductivity,245.0,Specific_Heat,1071000000.0,Radius,25
577.0,T_int,46.2269287109,T_ext_1,60,Film_Coef,0.131,Density,2.31e-09,Thermal_Conductivity,245.0,Specific_Heat,1071000000.0,Radius,25
587.0,T_int,46.4783477783,T_ext_1,60,Film_Coef,0.131,Density,2.31e-09,Thermal_Conductivity,245.0,Specific_Heat,1071000000.0,Radius,25
597.0,T_int,46.7251777649,T_ext_1,60,Film_Coef,0.131,Density,2.31e-09,Thermal_Conductivity,245.0,Specific_Heat,1071000000.0,Radius,25
607.0,T_int,46.9674987793,T_ext_1,60,Film_Coef,0.131,Density,2.31e-09,Thermal_Conductivity,245.0,Specific_Heat,1071000000.0,Radius,25
617.0,T_int,47.2054023743,T_ext_1,60,Film_Coef,0.131,Density,2.31e-09,Thermal_Conductivity,245.0,Specific_Heat,1071000000.0,Radius,25
627.0,T_int,47.4389572144,T_ext_1,60,Film_Coef,0.131,Density,2.31e-09,Thermal_Conductivity,245.0,Specific_Heat,1071000000.0,Radius,25
637.0,T_int,47.6682510376,T_ext_1,60,Film_Coef,0.131,Density,2.31e-09,Thermal_Conductivity,245.0,Specific_Heat,1071000000.0,Radius,25
647.0,T_int,47.8933601379,T_ext_1,60,Film_Coef,0.131,Density,2.31e-09,Thermal_Conductivity,245.0,Specific_Heat,1071000000.0,Radius,25
657.0,T_int,48.1143608093,T_ext_1,60,Film_Coef,0.131,Density,2.31e-09,Thermal_Conductivity,245.0,Specific_Heat,1071000000.0,Radius,25
667.0,T_int,48.331325531,T_ext_1,60,Film_Coef,0.131,Density,2.31e-09,Thermal_Conductivity,245.0,Specific_Heat,1071000000.0,Radius,25
677.0,T_int,48.5443305969,T_ext_1,60,Film_Coef,0.131,Density,2.31e-09,Thermal_Conductivity,245.0,Specific_Heat,1071000000.0,Radius,25
687.0,T_int,48.7534484863,T_ext_1,60,Film_Coef,0.131,Density,2.31e-09,Thermal_Conductivity,245.0,Specific_Heat,1071000000.0,Radius,25
697.0,T_int,48.9587478638,T_ext_1,60,Film_Coef,0.131,Density,2.31e-09,Thermal_Conductivity,245.0,Specific_Heat,1071000000.0,Radius,25
707.0,T_int,49.1602973938,T_ext_1,60,Film_Coef,0.131,Density,2.31e-09,Thermal_Conductivity,245.0,Specific_Heat,1071000000.0,Radius,25
717.0,T_int,49.3581695557,T_ext_1,60,Film_Coef,0.131,Density,2.31e-09,Thermal_Conductivity,245.0,Specific_Heat,1071000000.0,Radius,25
727.0,T_int,49.5524291992,T_ext_1,60,Film_Coef,0.131,Density,2.31e-09,Thermal_Conductivity,245.0,Specific_Heat,1071000000.0,Radius,25
737.0,T_int,49.743144989,T_ext_1,60,Film_Coef,0.131,Density,2.31e-09,Thermal_Conductivity,245.0,Specific_Heat,1071000000.0,Radius,25
747.0,T_int,49.9303779602,T_ext_1,60,Film_Coef,0.131,Density,2.31e-09,Thermal_Conductivity,245.0,Specific_Heat,1071000000.0,Radius,25
757.0,T_int,50.1141929626,T_ext_1,60,Film_Coef,0.131,Density,2.31e-09,Thermal_Conductivity,245.0,Specific_Heat,1071000000.0,Radius,25
767.0,T_int,50.2946510315,T_ext_1,60,Film_Coef,0.131,Density,2.31e-09,Thermal_Conductivity,245.0,Specific_Heat,1071000000.0,Radius,25
777.0,T_int,50.4718170166,T_ext_1,60,Film_Coef,0.131,Density,2.31e-09,Thermal_Conductivity,245.0,Specific_Heat,1071000000.0,Radius,25
787.0,T_int,50.6457481384,T_ext_1,60,Film_Coef,0.131,Density,2.31e-09,Thermal_Conductivity,245.0,Specific_Heat,1071000000.0,Radius,25
797.0,T_int,50.8165054321,T_ext_1,60,Film_Coef,0.131,Density,2.31e-09,Thermal_Conductivity,245.0,Specific_Heat,1071000000.0,Radius,25
807.0,T_int,50.9841423035,T_ext_1,60,Film_Coef,0.131,Density,2.31e-09,Thermal_Conductivity,245.0,Specific_Heat,1071000000.0,Radius,25
817.0,T_int,51.1487236023,T_ext_1,60,Film_Coef,0.131,Density,2.31e-09,Thermal_Conductivity,245.0,Specific_Heat,1071000000.0,Radius,25
827.0,T_int,51.3102989197,T_ext_1,60,Film_Coef,0.131,Density,2.31e-09,Thermal_Conductivity,245.0,Specific_Heat,1071000000.0,Radius,25
837.0,T_int,51.4689216614,T_ext_1,60,Film_Coef,0.131,Density,2.31e-09,Thermal_Conductivity,245.0,Specific_Heat,1071000000.0,Radius,25
847.0,T_int,51.6246528625,T_ext_1,60,Film_Coef,0.131,Density,2.31e-09,Thermal_Conductivity,245.0,Specific_Heat,1071000000.0,Radius,25
857.0,T_int,51.7775382996,T_ext_1,60,Film_Coef,0.131,Density,2.31e-09,Thermal_Conductivity,245.0,Specific_Heat,1071000000.0,Radius,25
867.0,T_int,51.9276351929,T_ext_1,60,Film_Coef,0.131,Density,2.31e-09,Thermal_Conductivity,245.0,Specific_Heat,1071000000.0,Radius,25
877.0,T_int,52.0749931335,T_ext_1,60,Film_Coef,0.131,Density,2.31e-09,Thermal_Conductivity,245.0,Specific_Heat,1071000000.0,Radius,25
887.0,T_int,52.2196578979,T_ext_1,60,Film_Coef,0.131,Density,2.31e-09,Thermal_Conductivity,245.0,Specific_Heat,1071000000.0,Radius,25
897.0,T_int,52.3616828918,T_ext_1,60,Film_Coef,0.131,Density,2.31e-09,Thermal_Conductivity,245.0,Specific_Heat,1071000000.0,Radius,25
907.0,T_int,52.5011177063,T_ext_1,60,Film_Coef,0.131,Density,2.31e-09,Thermal_Conductivity,245.0,Specific_Heat,1071000000.0,Radius,25
917.0,T_int,52.638004303,T_ext_1,60,Film_Coef,0.131,Density,2.31e-09,Thermal_Conductivity,245.0,Specific_Heat,1071000000.0,Radius,25
927.0,T_int,52.7723922729,T_ext_1,60,Film_Coef,0.131,Density,2.31e-09,Thermal_Conductivity,245.0,Specific_Heat,1071000000.0,Radius,25
937.0,T_int,52.9043273926,T_ext_1,60,Film_Coef,0.131,Density,2.31e-09,Thermal_Conductivity,245.0,Specific_Heat,1071000000.0,Radius,25
947.0,T_int,53.0338554382,T_ext_1,60,Film_Coef,0.131,Density,2.31e-09,Thermal_Conductivity,245.0,Specific_Heat,1071000000.0,Radius,25
957.0,T_int,53.1610183716,T_ext_1,60,Film_Coef,0.131,Density,2.31e-09,Thermal_Conductivity,245.0,Specific_Heat,1071000000.0,Radius,25
967.0,T_int,53.285861969,T_ext_1,60,Film_Coef,0.131,Density,2.31e-09,Thermal_Conductivity,245.0,Specific_Heat,1071000000.0,Radius,25
977.0,T_int,53.4084243774,T_ext_1,60,Film_Coef,0.131,Density,2.31e-09,Thermal_Conductivity,245.0,Specific_Heat,1071000000.0,Radius,25
987.0,T_int,53.5287475586,T_ext_1,60,Film_Coef,0.131,Density,2.31e-09,Thermal_Conductivity,245.0,Specific_Heat,1071000000.0,Radius,25
997.0,T_int,53.6468772888,T_ext_1,60,Film_Coef,0.131,Density,2.31e-09,Thermal_Conductivity,245.0,Specific_Heat,1071000000.0,Radius,25
1007.0,T_int,53.7628479004,T_ext_1,60,Film_Coef,0.131,Density,2.31e-09,Thermal_Conductivity,245.0,Specific_Heat,1071000000.0,Radius,25
1017.0,T_int,53.8767051697,T_ext_1,60,Film_Coef,0.131,Density,2.31e-09,Thermal_Conductivity,245.0,Specific_Heat,1071000000.0,Radius,25
1027.0,T_int,53.988483429,T_ext_1,60,Film_Coef,0.131,Density,2.31e-09,Thermal_Conductivity,245.0,Specific_Heat,1071000000.0,Radius,25
1037.0,T_int,54.0982170105,T_ext_1,60,Film_Coef,0.131,Density,2.31e-09,Thermal_Conductivity,245.0,Specific_Heat,1071000000.0,Radius,25
1047.0,T_int,54.2059516907,T_ext_1,60,Film_Coef,0.131,Density,2.31e-09,Thermal_Conductivity,245.0,Specific_Heat,1071000000.0,Radius,25
1057.0,T_int,54.3117179871,T_ext_1,60,Film_Coef,0.131,Density,2.31e-09,Thermal_Conductivity,245.0,Specific_Heat,1071000000.0,Radius,25
1067.0,T_int,54.4155540466,T_ext_1,60,Film_Coef,0.131,Density,2.31e-09,Thermal_Conductivity,245.0,Specific_Heat,1071000000.0,Radius,25
1077.0,T_int,54.5174942017,T_ext_1,60,Film_Coef,0.131,Density,2.31e-09,Thermal_Conductivity,245.0,Specific_Heat,1071000000.0,Radius,25
1087.0,T_int,54.6175765991,T_ext_1,60,Film_Coef,0.131,Density,2.31e-09,Thermal_Conductivity,245.0,Specific_Heat,1071000000.0,Radius,25
1097.0,T_int,54.7158279419,T_ext_1,60,Film_Coef,0.131,Density,2.31e-09,Thermal_Conductivity,245.0,Specific_Heat,1071000000.0,Radius,25
1107.0,T_int,54.812286377,T_ext_1,60,Film_Coef,0.131,Density,2.31e-09,Thermal_Conductivity,245.0,Specific_Heat,1071000000.0,Radius,25
1117.0,T_int,54.9069862366,T_ext_1,60,Film_Coef,0.131,Density,2.31e-09,Thermal_Conductivity,245.0,Specific_Heat,1071000000.0,Radius,25
1127.0,T_int,54.9999580383,T_ext_1,60,Film_Coef,0.131,Density,2.31e-09,Thermal_Conductivity,245.0,Specific_Heat,1071000000.0,Radius,25
1137.0,T_int,55.0912284851,T_ext_1,60,Film_Coef,0.131,Density,2.31e-09,Thermal_Conductivity,245.0,Specific_Heat,1071000000.0,Radius,25
1147.0,T_int,55.1808357239,T_ext_1,60,Film_Coef,0.131,Density,2.31e-09,Thermal_Conductivity,245.0,Specific_Heat,1071000000.0,Radius,25
1157.0,T_int,55.2688064575,T_ext_1,60,Film_Coef,0.131,Density,2.31e-09,Thermal_Conductivity,245.0,Specific_Heat,1071000000.0,Radius,25
1167.0,T_int,55.3551712036,T_ext_1,60,Film_Coef,0.131,Density,2.31e-09,Thermal_Conductivity,245.0,Specific_Heat,1071000000.0,Radius,25
1177.0,T_int,55.4399604797,T_ext_1,60,Film_Coef,0.131,Density,2.31e-09,Thermal_Conductivity,245.0,Specific_Heat,1071000000.0,Radius,25
1187.0,T_int,55.5232009888,T_ext_1,60,Film_Coef,0.131,Density,2.31e-09,Thermal_Conductivity,245.0,Specific_Heat,1071000000.0,Radius,25
1197.0,T_int,55.6049232483,T_ext_1,60,Film_Coef,0.131,Density,2.31e-09,Thermal_Conductivity,245.0,Specific_Heat,1071000000.0,Radius,25
1207.0,T_int,55.6851539612,T_ext_1,60,Film_Coef,0.131,Density,2.31e-09,Thermal_Conductivity,245.0,Specific_Heat,1071000000.0,Radius,25
1217.0,T_int,55.7639160156,T_ext_1,60,Film_Coef,0.131,Density,2.31e-09,Thermal_Conductivity,245.0,Specific_Heat,1071000000.0,Radius,25
1227.0,T_int,55.8412437439,T_ext_1,60,Film_Coef,0.131,Density,2.31e-09,Thermal_Conductivity,245.0,Specific_Heat,1071000000.0,Radius,25
1237.0,T_int,55.9171600342,T_ext_1,60,Film_Coef,0.131,Density,2.31e-09,Thermal_Conductivity,245.0,Specific_Heat,1071000000.0,Radius,25
1247.0,T_int,55.9916877747,T_ext_1,60,Film_Coef,0.131,Density,2.31e-09,Thermal_Conductivity,245.0,Specific_Heat,1071000000.0,Radius,25
1257.0,T_int,56.0648574829,T_ext_1,60,Film_Coef,0.131,Density,2.31e-09,Thermal_Conductivity,245.0,Specific_Heat,1071000000.0,Radius,25
1267.0,T_int,56.1366920471,T_ext_1,60,Film_Coef,0.131,Density,2.31e-09,Thermal_Conductivity,245.0,Specific_Heat,1071000000.0,Radius,25
1277.0,T_int,56.2072143555,T_ext_1,60,Film_Coef,0.131,Density,2.31e-09,Thermal_Conductivity,245.0,Specific_Heat,1071000000.0,Radius,25
1287.0,T_int,56.2764511108,T_ext_1,60,Film_Coef,0.131,Density,2.31e-09,Thermal_Conductivity,245.0,Specific_Heat,1071000000.0,Radius,25
1297.0,T_int,56.3444213867,T_ext_1,60,Film_Coef,0.131,Density,2.31e-09,Thermal_Conductivity,245.0,Specific_Heat,1071000000.0,Radius,25
1307.0,T_int,56.411151886,T_ext_1,60,Film_Coef,0.131,Density,2.31e-09,Thermal_Conductivity,245.0,Specific_Heat,1071000000.0,Radius,25
1317.0,T_int,56.4766654968,T_ext_1,60,Film_Coef,0.131,Density,2.31e-09,Thermal_Conductivity,245.0,Specific_Heat,1071000000.0,Radius,25
1327.0,T_int,56.5409812927,T_ext_1,60,Film_Coef,0.131,Density,2.31e-09,Thermal_Conductivity,245.0,Specific_Heat,1071000000.0,Radius,25
1337.0,T_int,56.6041221619,T_ext_1,60,Film_Coef,0.131,Density,2.31e-09,Thermal_Conductivity,245.0,Specific_Heat,1071000000.0,Radius,25
1347.0,T_int,56.6661109924,T_ext_1,60,Film_Coef,0.131,Density,2.31e-09,Thermal_Conductivity,245.0,Specific_Heat,1071000000.0,Radius,25
1357.0,T_int,56.7269706726,T_ext_1,60,Film_Coef,0.131,Density,2.31e-09,Thermal_Conductivity,245.0,Specific_Heat,1071000000.0,Radius,25
1367.0,T_int,56.7867164612,T_ext_1,60,Film_Coef,0.131,Density,2.31e-09,Thermal_Conductivity,245.0,Specific_Heat,1071000000.0,Radius,25
1377.0,T_int,56.845375061,T_ext_1,60,Film_Coef,0.131,Density,2.31e-09,Thermal_Conductivity,245.0,Specific_Heat,1071000000.0,Radius,25
1387.0,T_int,56.902961731,T_ext_1,60,Film_Coef,0.131,Density,2.31e-09,Thermal_Conductivity,245.0,Specific_Heat,1071000000.0,Radius,25
1397.0,T_int,56.9594955444,T_ext_1,60,Film_Coef,0.131,Density,2.31e-09,Thermal_Conductivity,245.0,Specific_Heat,1071000000.0,Radius,25
1407.0,T_int,57.014995575,T_ext_1,60,Film_Coef,0.131,Density,2.31e-09,Thermal_Conductivity,245.0,Specific_Heat,1071000000.0,Radius,25
1417.0,T_int,57.0694885254,T_ext_1,60,Film_Coef,0.131,Density,2.31e-09,Thermal_Conductivity,245.0,Specific_Heat,1071000000.0,Radius,25
1427.0,T_int,57.1229820251,T_ext_1,60,Film_Coef,0.131,Density,2.31e-09,Thermal_Conductivity,245.0,Specific_Heat,1071000000.0,Radius,25
1437.0,T_int,57.1754989624,T_ext_1,60,Film_Coef,0.131,Density,2.31e-09,Thermal_Conductivity,245.0,Specific_Heat,1071000000.0,Radius,25
1447.0,T_int,57.2270584106,T_ext_1,60,Film_Coef,0.131,Density,2.31e-09,Thermal_Conductivity,245.0,Specific_Heat,1071000000.0,Radius,25
1457.0,T_int,57.2776794434,T_ext_1,60,Film_Coef,0.131,Density,2.31e-09,Thermal_Conductivity,245.0,Specific_Heat,1071000000.0,Radius,25
1467.0,T_int,57.3273735046,T_ext_1,60,Film_Coef,0.131,Density,2.31e-09,Thermal_Conductivity,245.0,Specific_Heat,1071000000.0,Radius,25
1477.0,T_int,57.376159668,T_ext_1,60,Film_Coef,0.131,Density,2.31e-09,Thermal_Conductivity,245.0,Specific_Heat,1071000000.0,Radius,25
1487.0,T_int,57.4240570068,T_ext_1,60,Film_Coef,0.131,Density,2.31e-09,Thermal_Conductivity,245.0,Specific_Heat,1071000000.0,Radius,25
1497.0,T_int,57.4710769653,T_ext_1,60,Film_Coef,0.131,Density,2.31e-09,Thermal_Conductivity,245.0,Specific_Heat,1071000000.0,Radius,25
1507.0,T_int,57.5172424316,T_ext_1,60,Film_Coef,0.131,Density,2.31e-09,Thermal_Conductivity,245.0,Specific_Heat,1071000000.0,Radius,25
1517.0,T_int,57.5625648499,T_ext_1,60,Film_Coef,0.131,Density,2.31e-09,Thermal_Conductivity,245.0,Specific_Heat,1071000000.0,Radius,25
1527.0,T_int,57.6070556641,T_ext_1,60,Film_Coef,0.131,Density,2.31e-09,Thermal_Conductivity,245.0,Specific_Heat,1071000000.0,Radius,25
1537.0,T_int,57.6507377625,T_ext_1,60,Film_Coef,0.131,Density,2.31e-09,Thermal_Conductivity,245.0,Specific_Heat,1071000000.0,Radius,25
1547.0,T_int,57.6936225891,T_ext_1,60,Film_Coef,0.131,Density,2.31e-09,Thermal_Conductivity,245.0,Specific_Heat,1071000000.0,Radius,25
1557.0,T_int,57.7357254028,T_ext_1,60,Film_Coef,0.131,Density,2.31e-09,Thermal_Conductivity,245.0,Specific_Heat,1071000000.0,Radius,25
1567.0,T_int,57.7770576477,T_ext_1,60,Film_Coef,0.131,Density,2.31e-09,Thermal_Conductivity,245.0,Specific_Heat,1071000000.0,Radius,25
1577.0,T_int,57.8176345825,T_ext_1,60,Film_Coef,0.131,Density,2.31e-09,Thermal_Conductivity,245.0,Specific_Heat,1071000000.0,Radius,25
1587.0,T_int,57.8574752808,T_ext_1,60,Film_Coef,0.131,Density,2.31e-09,Thermal_Conductivity,245.0,Specific_Heat,1071000000.0,Radius,25
1597.0,T_int,57.8965835571,T_ext_1,60,Film_Coef,0.131,Density,2.31e-09,Thermal_Conductivity,245.0,Specific_Heat,1071000000.0,Radius,25
1607.0,T_int,57.9349822998,T_ext_1,60,Film_Coef,0.131,Density,2.31e-09,Thermal_Conductivity,245.0,Specific_Heat,1071000000.0,Radius,25
1617.0,T_int,57.9726753235,T_ext_1,60,Film_Coef,0.131,Density,2.31e-09,Thermal_Conductivity,245.0,Specific_Heat,1071000000.0,Radius,25
1627.0,T_int,58.0096855164,T_ext_1,60,Film_Coef,0.131,Density,2.31e-09,Thermal_Conductivity,245.0,Specific_Heat,1071000000.0,Radius,25
1637.0,T_int,58.0460166931,T_ext_1,60,Film_Coef,0.131,Density,2.31e-09,Thermal_Conductivity,245.0,Specific_Heat,1071000000.0,Radius,25
1647.0,T_int,58.0816841125,T_ext_1,60,Film_Coef,0.131,Density,2.31e-09,Thermal_Conductivity,245.0,Specific_Heat,1071000000.0,Radius,25
1657.0,T_int,58.1167030334,T_ext_1,60,Film_Coef,0.131,Density,2.31e-09,Thermal_Conductivity,245.0,Specific_Heat,1071000000.0,Radius,25
1667.0,T_int,58.1510810852,T_ext_1,60,Film_Coef,0.131,Density,2.31e-09,Thermal_Conductivity,245.0,Specific_Heat,1071000000.0,Radius,25
1677.0,T_int,58.1848335266,T_ext_1,60,Film_Coef,0.131,Density,2.31e-09,Thermal_Conductivity,245.0,Specific_Heat,1071000000.0,Radius,25
1687.0,T_int,58.2179679871,T_ext_1,60,Film_Coef,0.131,Density,2.31e-09,Thermal_Conductivity,245.0,Specific_Heat,1071000000.0,Radius,25
1697.0,T_int,58.2504959106,T_ext_1,60,Film_Coef,0.131,Density,2.31e-09,Thermal_Conductivity,245.0,Specific_Heat,1071000000.0,Radius,25
1707.0,T_int,58.2824325562,T_ext_1,60,Film_Coef,0.131,Density,2.31e-09,Thermal_Conductivity,245.0,Specific_Heat,1071000000.0,Radius,25
1717.0,T_int,58.313785553,T_ext_1,60,Film_Coef,0.131,Density,2.31e-09,Thermal_Conductivity,245.0,Specific_Heat,1071000000.0,Radius,25
1727.0,T_int,58.3445663452,T_ext_1,60,Film_Coef,0.131,Density,2.31e-09,Thermal_Conductivity,245.0,Specific_Heat,1071000000.0,Radius,25
1737.0,T_int,58.374786377,T_ext_1,60,Film_Coef,0.131,Density,2.31e-09,Thermal_Conductivity,245.0,Specific_Heat,1071000000.0,Radius,25
1747.0,T_int,58.4044532776,T_ext_1,60,Film_Coef,0.131,Density,2.31e-09,Thermal_Conductivity,245.0,Specific_Heat,1071000000.0,Radius,25
1757.0,T_int,58.4335784912,T_ext_1,60,Film_Coef,0.131,Density,2.31e-09,Thermal_Conductivity,245.0,Specific_Heat,1071000000.0,Radius,25
1767.0,T_int,58.4621734619,T_ext_1,60,Film_Coef,0.131,Density,2.31e-09,Thermal_Conductivity,245.0,Specific_Heat,1071000000.0,Radius,25
1777.0,T_int,58.4902458191,T_ext_1,60,Film_Coef,0.131,Density,2.31e-09,Thermal_Conductivity,245.0,Specific_Heat,1071000000.0,Radius,25
1787.0,T_int,58.5178031921,T_ext_1,60,Film_Coef,0.131,Density,2.31e-09,Thermal_Conductivity,245.0,Specific_Heat,1071000000.0,Radius,25
1797.0,T_int,58.5448608398,T_ext_1,60,Film_Coef,0.131,Density,2.31e-09,Thermal_Conductivity,245.0,Specific_Heat,1071000000.0,Radius,25
1807.0,T_int,58.5714225769,T_ext_1,60,Film_Coef,0.131,Density,2.31e-09,Thermal_Conductivity,245.0,Specific_Heat,1071000000.0,Radius,25
1817.0,T_int,58.5975036621,T_ext_1,60,Film_Coef,0.131,Density,2.31e-09,Thermal_Conductivity,245.0,Specific_Heat,1071000000.0,Radius,25
1827.0,T_int,58.6231040955,T_ext_1,60,Film_Coef,0.131,Density,2.31e-09,Thermal_Conductivity,245.0,Specific_Heat,1071000000.0,Radius,25
1837.0,T_int,58.6482391357,T_ext_1,60,Film_Coef,0.131,Density,2.31e-09,Thermal_Conductivity,245.0,Specific_Heat,1071000000.0,Radius,25
1847.0,T_int,58.6729125977,T_ext_1,60,Film_Coef,0.131,Density,2.31e-09,Thermal_Conductivity,245.0,Specific_Heat,1071000000.0,Radius,25
1857.0,T_int,58.69713974,T_ext_1,60,Film_Coef,0.131,Density,2.31e-09,Thermal_Conductivity,245.0,Specific_Heat,1071000000.0,Radius,25
1867.0,T_int,58.7209205627,T_ext_1,60,Film_Coef,0.131,Density,2.31e-09,Thermal_Conductivity,245.0,Specific_Heat,1071000000.0,Radius,25
1877.0,T_int,58.7442703247,T_ext_1,60,Film_Coef,0.131,Density,2.31e-09,Thermal_Conductivity,245.0,Specific_Heat,1071000000.0,Radius,25
1887.0,T_int,58.7671928406,T_ext_1,60,Film_Coef,0.131,Density,2.31e-09,Thermal_Conductivity,245.0,Specific_Heat,1071000000.0,Radius,25
1897.0,T_int,58.7896957397,T_ext_1,60,Film_Coef,0.131,Density,2.31e-09,Thermal_Conductivity,245.0,Specific_Heat,1071000000.0,Radius,25
1907.0,T_int,58.8117904663,T_ext_1,60,Film_Coef,0.131,Density,2.31e-09,Thermal_Conductivity,245.0,Specific_Heat,1071000000.0,Radius,25
1917.0,T_int,58.833480835,T_ext_1,60,Film_Coef,0.131,Density,2.31e-09,Thermal_Conductivity,245.0,Specific_Heat,1071000000.0,Radius,25
1927.0,T_int,58.8547744751,T_ext_1,60,Film_Coef,0.131,Density,2.31e-09,Thermal_Conductivity,245.0,Specific_Heat,1071000000.0,Radius,25
1937.0,T_int,58.8756790161,T_ext_1,60,Film_Coef,0.131,Density,2.31e-09,Thermal_Conductivity,245.0,Specific_Heat,1071000000.0,Radius,25
1947.0,T_int,58.8962059021,T_ext_1,60,Film_Coef,0.131,Density,2.31e-09,Thermal_Conductivity,245.0,Specific_Heat,1071000000.0,Radius,25
1957.0,T_int,58.9163551331,T_ext_1,60,Film_Coef,0.131,Density,2.31e-09,Thermal_Conductivity,245.0,Specific_Heat,1071000000.0,Radius,25
1967.0,T_int,58.9361343384,T_ext_1,60,Film_Coef,0.131,Density,2.31e-09,Thermal_Conductivity,245.0,Specific_Heat,1071000000.0,Radius,25
1977.0,T_int,58.9555549622,T_ext_1,60,Film_Coef,0.131,Density,2.31e-09,Thermal_Conductivity,245.0,Specific_Heat,1071000000.0,Radius,25
1987.0,T_int,58.9746208191,T_ext_1,60,Film_Coef,0.131,Density,2.31e-09,Thermal_Conductivity,245.0,Specific_Heat,1071000000.0,Radius,25
1997.0,T_int,58.9933395386,T_ext_1,60,Film_Coef,0.131,Density,2.31e-09,Thermal_Conductivity,245.0,Specific_Heat,1071000000.0,Radius,25
2000.0,T_int,58.9989242554,T_ext_1,60,Film_Coef,0.131,Density,2.31e-09,Thermal_Conductivity,245.0,Specific_Heat,1071000000.0,Radius,25
